[{"model": "shoppy.category", "pk": 1, "fields": {"name": "Electronics", "parent_id": null, "created_at": "2019-07-24T11:38:45.911Z", "updated_at": "2019-08-12T08:49:55.652Z"}}, {"model": "shoppy.category", "pk": 2, "fields": {"name": "Cloathing", "parent_id": null, "created_at": "2019-07-24T11:39:13.907Z", "updated_at": "2019-08-13T09:05:55.421Z"}}, {"model": "shoppy.category", "pk": 3, "fields": {"name": "infinix", "parent_id": 1, "created_at": "2019-08-12T09:53:41.987Z", "updated_at": "2019-08-12T09:53:41.987Z"}}, {"model": "shoppy.category", "pk": 4, "fields": {"name": "samsung", "parent_id": 1, "created_at": "2019-08-12T09:54:14.578Z", "updated_at": "2019-08-12T09:54:14.578Z"}}, {"model": "shoppy.category", "pk": 5, "fields": {"name": "weres", "parent_id": 2, "created_at": "2019-08-12T09:58:34.305Z", "updated_at": "2019-08-13T11:36:06.040Z"}}, {"model": "shoppy.category", "pk": 6, "fields": {"name": "lld", "parent_id": 1, "created_at": "2019-08-12T21:22:13.558Z", "updated_at": "2019-08-13T09:06:13.281Z"}}, {"model": "shoppy.category", "pk": 9, "fields": {"name": "computing", "parent_id": null, "created_at": "2019-08-19T12:46:18.193Z", "updated_at": "2019-08-19T12:46:18.193Z"}}, {"model": "shoppy.category", "pk": 10, "fields": {"name": "grocery", "parent_id": null, "created_at": "2019-08-19T12:46:43.567Z", "updated_at": "2019-08-19T12:46:43.567Z"}}, {"model": "shoppy.category", "pk": 11, "fields": {"name": "fashon", "parent_id": null, "created_at": "2019-08-19T12:47:15.308Z", "updated_at": "2019-08-19T12:47:15.308Z"}}, {"model": "shoppy.category", "pk": 12, "fields": {"name": "phones and tablets", "parent_id": null, "created_at": "2019-08-19T12:47:46.973Z", "updated_at": "2019-08-19T12:47:46.973Z"}}, {"model": "shoppy.category", "pk": 13, "fields": {"name": "home and office", "parent_id": null, "created_at": "2019-08-19T12:48:03.075Z", "updated_at": "2019-08-19T12:48:03.075Z"}}, {"model": "shoppy.category", "pk": 14, "fields": {"name": "gaming", "parent_id": null, "created_at": "2019-08-19T12:48:26.511Z", "updated_at": "2019-08-19T12:48:26.511Z"}}, {"model": "shoppy.category", "pk": 15, "fields": {"name": "baby products", "parent_id": null, "created_at": "2019-08-19T12:49:50.356Z", "updated_at": "2019-08-19T12:49:50.356Z"}}, {"model": "shoppy.category", "pk": 16, "fields": {"name": "Health and body", "parent_id": null, "created_at": "2019-08-19T12:50:35.621Z", "updated_at": "2019-08-19T17:53:02.061Z"}}, {"model": "shoppy.brand", "pk": 1, "fields": {"name": "samsung", "category": 6, "created_at": "2019-07-24T12:30:57.140Z", "updated_at": "2019-08-19T13:02:06.579Z"}}, {"model": "shoppy.brand", "pk": 2, "fields": {"name": "infinix", "category": 1, "created_at": "2019-07-24T12:32:51.667Z", "updated_at": "2019-07-24T12:32:51.667Z"}}, {"model": "shoppy.brand", "pk": 3, "fields": {"name": "techno", "category": 1, "created_at": "2019-07-24T12:33:36.561Z", "updated_at": "2019-07-24T12:33:36.561Z"}}, {"model": "shoppy.brand", "pk": 4, "fields": {"name": "Nokia", "category": 1, "created_at": "2019-07-24T12:37:08.209Z", "updated_at": "2019-07-24T12:37:08.210Z"}}, {"model": "shoppy.brand", "pk": 6, "fields": {"name": "gucci", "category": 2, "created_at": "2019-07-24T12:37:48.794Z", "updated_at": "2019-07-24T12:37:48.794Z"}}, {"model": "shoppy.image", "pk": 1, "fields": {"product": 2, "image": "images/IMG_6390-e1529867502667.jpg", "created_at": "2019-07-24T12:45:55.319Z", "updated_at": "2019-07-24T12:45:55.319Z"}}, {"model": "shoppy.image", "pk": 2, "fields": {"product": 2, "image": "images/infinix-note-5-photo.jpg", "created_at": "2019-07-24T12:45:55.455Z", "updated_at": "2019-07-24T12:45:55.455Z"}}, {"model": "shoppy.image", "pk": 3, "fields": {"product": 2, "image": "images/Infinix-Note-5-Unboxing.png", "created_at": "2019-07-24T12:45:55.580Z", "updated_at": "2019-07-24T12:45:55.580Z"}}, {"model": "shoppy.image", "pk": 4, "fields": {"product": 3, "image": "images/2018_Toyota_Crown_In_USA.jpg", "created_at": "2019-07-25T10:34:43.855Z", "updated_at": "2019-07-25T10:34:43.855Z"}}, {"model": "shoppy.image", "pk": 5, "fields": {"product": 3, "image": "images/2018-Toyota-Crown-Majesta-front.jpg", "created_at": "2019-07-25T10:34:43.987Z", "updated_at": "2019-07-25T10:34:43.987Z"}}, {"model": "shoppy.image", "pk": 6, "fields": {"product": 3, "image": "images/2018-Toyota-Crown-Review-640x346.jpg", "created_at": "2019-07-25T10:34:44.126Z", "updated_at": "2019-07-25T10:34:44.127Z"}}, {"model": "shoppy.image", "pk": 13, "fields": {"product": 5, "image": "images/BG017821_2_RsCn0cv.jpg", "created_at": "2019-07-25T10:40:47.290Z", "updated_at": "2019-07-25T10:40:47.290Z"}}, {"model": "shoppy.image", "pk": 14, "fields": {"product": 5, "image": "images/BG017821_3_eofCVRl.jpg", "created_at": "2019-07-25T10:40:47.509Z", "updated_at": "2019-07-25T10:40:47.513Z"}}, {"model": "shoppy.image", "pk": 15, "fields": {"product": 5, "image": "images/BG017821_4_R3o0kVO.jpg", "created_at": "2019-07-25T10:40:47.685Z", "updated_at": "2019-07-25T10:40:47.685Z"}}, {"model": "shoppy.image", "pk": 16, "fields": {"product": 5, "image": "images/BG017821_5_o1XyRfJ.jpg", "created_at": "2019-07-25T10:40:47.897Z", "updated_at": "2019-07-25T10:40:47.897Z"}}, {"model": "shoppy.image", "pk": 17, "fields": {"product": 5, "image": "images/BG017821_6_flCR4PL.jpg", "created_at": "2019-07-25T10:40:48.049Z", "updated_at": "2019-07-25T10:40:48.049Z"}}, {"model": "shoppy.image", "pk": 18, "fields": {"product": 5, "image": "images/BG017821_7.jpg", "created_at": "2019-07-25T10:40:48.197Z", "updated_at": "2019-07-25T10:40:48.197Z"}}, {"model": "shoppy.image", "pk": 19, "fields": {"product": 5, "image": "images/BG017821_8.jpg", "created_at": "2019-07-25T10:40:48.363Z", "updated_at": "2019-07-25T10:40:48.364Z"}}, {"model": "shoppy.image", "pk": 20, "fields": {"product": 6, "image": "images/BG115769_1.jpg", "created_at": "2019-07-25T10:42:28.129Z", "updated_at": "2019-07-25T10:42:28.129Z"}}, {"model": "shoppy.image", "pk": 21, "fields": {"product": 6, "image": "images/BG115769_2.jpg", "created_at": "2019-07-25T10:42:28.357Z", "updated_at": "2019-07-25T10:42:28.357Z"}}, {"model": "shoppy.image", "pk": 22, "fields": {"product": 6, "image": "images/BG115769_3.jpg", "created_at": "2019-07-25T10:42:28.580Z", "updated_at": "2019-07-25T10:42:28.580Z"}}, {"model": "shoppy.image", "pk": 23, "fields": {"product": 6, "image": "images/BG115769_4.jpg", "created_at": "2019-07-25T10:42:28.755Z", "updated_at": "2019-07-25T10:42:28.755Z"}}, {"model": "shoppy.image", "pk": 24, "fields": {"product": 6, "image": "images/BG115769_5.jpg", "created_at": "2019-07-25T10:42:28.954Z", "updated_at": "2019-07-25T10:42:28.954Z"}}, {"model": "shoppy.image", "pk": 25, "fields": {"product": 6, "image": "images/BG115769_6.jpg", "created_at": "2019-07-25T10:42:29.106Z", "updated_at": "2019-07-25T10:42:29.106Z"}}, {"model": "shoppy.image", "pk": 26, "fields": {"product": 7, "image": "images/BG101981_1.jpg", "created_at": "2019-07-25T10:46:40.526Z", "updated_at": "2019-07-25T10:46:40.526Z"}}, {"model": "shoppy.image", "pk": 27, "fields": {"product": 7, "image": "images/BG101981_2.jpg", "created_at": "2019-07-25T10:46:40.689Z", "updated_at": "2019-07-25T10:46:40.690Z"}}, {"model": "shoppy.image", "pk": 28, "fields": {"product": 7, "image": "images/BG101981_3.jpg", "created_at": "2019-07-25T10:46:40.827Z", "updated_at": "2019-07-25T10:46:40.827Z"}}, {"model": "shoppy.image", "pk": 29, "fields": {"product": 7, "image": "images/BG101981_4.jpg", "created_at": "2019-07-25T10:46:40.963Z", "updated_at": "2019-07-25T10:46:40.963Z"}}, {"model": "shoppy.image", "pk": 30, "fields": {"product": 7, "image": "images/BG101981_5.jpg", "created_at": "2019-07-25T10:46:41.168Z", "updated_at": "2019-07-25T10:46:41.168Z"}}, {"model": "shoppy.image", "pk": 31, "fields": {"product": 7, "image": "images/BG101981_6.jpg", "created_at": "2019-07-25T10:46:41.397Z", "updated_at": "2019-07-25T10:46:41.397Z"}}, {"model": "shoppy.image", "pk": 32, "fields": {"product": 7, "image": "images/BG101981_7.jpg", "created_at": "2019-07-25T10:46:41.597Z", "updated_at": "2019-07-25T10:46:41.597Z"}}, {"model": "shoppy.image", "pk": 33, "fields": {"product": 7, "image": "images/BG101981_8.jpg", "created_at": "2019-07-25T10:46:41.777Z", "updated_at": "2019-07-25T10:46:41.777Z"}}, {"model": "shoppy.image", "pk": 38, "fields": {"product": 9, "image": "images/BG017821_1_0qxpCat.jpg", "created_at": "2019-07-25T19:48:21.436Z", "updated_at": "2019-07-25T19:48:21.436Z"}}, {"model": "shoppy.image", "pk": 39, "fields": {"product": 9, "image": "images/BG017821_2_O45Gam2.jpg", "created_at": "2019-07-25T19:48:21.563Z", "updated_at": "2019-07-25T19:48:21.563Z"}}, {"model": "shoppy.image", "pk": 40, "fields": {"product": 9, "image": "images/BG017821_3_pkBLmLm.jpg", "created_at": "2019-07-25T19:48:21.691Z", "updated_at": "2019-07-25T19:48:21.691Z"}}, {"model": "shoppy.image", "pk": 41, "fields": {"product": 9, "image": "images/BG017821_4_p3I7lkz.jpg", "created_at": "2019-07-25T19:48:21.797Z", "updated_at": "2019-07-25T19:48:21.797Z"}}, {"model": "shoppy.image", "pk": 42, "fields": {"product": 9, "image": "images/BG017821_5_RxjAtxg.jpg", "created_at": "2019-07-25T19:48:21.910Z", "updated_at": "2019-07-25T19:48:21.910Z"}}, {"model": "shoppy.image", "pk": 43, "fields": {"product": 9, "image": "images/BG017821_6_zajHzi0.jpg", "created_at": "2019-07-25T19:48:22.098Z", "updated_at": "2019-07-25T19:48:22.098Z"}}, {"model": "shoppy.image", "pk": 44, "fields": {"product": 9, "image": "images/BG017821_7_ZQmo7LR.jpg", "created_at": "2019-07-25T19:48:22.233Z", "updated_at": "2019-07-25T19:48:22.233Z"}}, {"model": "shoppy.image", "pk": 49, "fields": {"product": 11, "image": "images/FB_IMG_1491492558314_JkoVBwy.jpg", "created_at": "2019-07-29T07:42:40.299Z", "updated_at": "2019-07-29T07:42:40.299Z"}}, {"model": "shoppy.image", "pk": 50, "fields": {"product": 11, "image": "images/FB_IMG_1491492574608_AeYvy2i.jpg", "created_at": "2019-07-29T07:42:40.487Z", "updated_at": "2019-07-29T07:42:40.487Z"}}, {"model": "shoppy.image", "pk": 51, "fields": {"product": 11, "image": "images/FB_IMG_1491492584410_11S0tm4.jpg", "created_at": "2019-07-29T07:42:40.631Z", "updated_at": "2019-07-29T07:42:40.631Z"}}, {"model": "shoppy.image", "pk": 52, "fields": {"product": 11, "image": "images/FB_IMG_1491546970027_IJrbvC2.jpg", "created_at": "2019-07-29T07:42:40.783Z", "updated_at": "2019-07-29T07:42:40.783Z"}}, {"model": "shoppy.image", "pk": 75, "fields": {"product": 19, "image": "images/FB_IMG_1491492574608_Ps0J1Dm.jpg", "created_at": "2019-07-29T08:04:26.328Z", "updated_at": "2019-07-29T08:04:26.328Z"}}, {"model": "shoppy.image", "pk": 76, "fields": {"product": 19, "image": "images/FB_IMG_1491492584410_yXdjCrK.jpg", "created_at": "2019-07-29T08:04:26.488Z", "updated_at": "2019-07-29T08:04:26.488Z"}}, {"model": "shoppy.image", "pk": 77, "fields": {"product": 19, "image": "images/FB_IMG_1491546970027_fKmfvpP.jpg", "created_at": "2019-07-29T08:04:26.600Z", "updated_at": "2019-07-29T08:04:26.600Z"}}, {"model": "shoppy.image", "pk": 87, "fields": {"product": 23, "image": "images/c05507777-1.png", "created_at": "2019-08-06T07:58:05.295Z", "updated_at": "2019-08-06T07:58:05.295Z"}}, {"model": "shoppy.image", "pk": 88, "fields": {"product": 24, "image": "images/c05507777-1_Sd2jS02.png", "created_at": "2019-08-06T07:59:10.260Z", "updated_at": "2019-08-06T07:59:10.260Z"}}, {"model": "shoppy.image", "pk": 93, "fields": {"product": 27, "image": "images/HP-Pavilion-Power-2017-Preview-6_cVUp7Ny.jpg", "created_at": "2019-08-06T11:54:20.504Z", "updated_at": "2019-08-06T11:54:20.504Z"}}, {"model": "shoppy.image", "pk": 94, "fields": {"product": 27, "image": "images/HP-Pavilion-Power-2017-Preview-7_XA3KckB.jpg", "created_at": "2019-08-06T11:54:20.627Z", "updated_at": "2019-08-06T11:54:20.627Z"}}, {"model": "shoppy.image", "pk": 95, "fields": {"product": 27, "image": "images/HP-Pavilion-Power-2017-Preview-8_3s6rnkd.jpg", "created_at": "2019-08-06T11:54:20.766Z", "updated_at": "2019-08-06T11:54:20.766Z"}}, {"model": "shoppy.image", "pk": 96, "fields": {"product": 30, "image": "images/FB_IMG_1494010029442.jpg", "created_at": "2019-08-06T12:01:19.274Z", "updated_at": "2019-08-06T12:01:19.274Z"}}, {"model": "shoppy.image", "pk": 97, "fields": {"product": 30, "image": "images/FB_IMG_1494010038312.jpg", "created_at": "2019-08-06T12:01:19.463Z", "updated_at": "2019-08-06T12:01:19.463Z"}}, {"model": "shoppy.image", "pk": 98, "fields": {"product": 30, "image": "images/FB_IMG_1494010043539.jpg", "created_at": "2019-08-06T12:01:19.622Z", "updated_at": "2019-08-06T12:01:19.622Z"}}, {"model": "shoppy.image", "pk": 99, "fields": {"product": 30, "image": "images/FB_IMG_1494010050298.jpg", "created_at": "2019-08-06T12:01:19.736Z", "updated_at": "2019-08-06T12:01:19.736Z"}}, {"model": "shoppy.image", "pk": 100, "fields": {"product": 30, "image": "images/FB_IMG_1494112785177.jpg", "created_at": "2019-08-06T12:01:19.854Z", "updated_at": "2019-08-06T12:01:19.854Z"}}, {"model": "shoppy.image", "pk": 101, "fields": {"product": 30, "image": "images/FB_IMG_1494112869673.jpg", "created_at": "2019-08-06T12:01:19.997Z", "updated_at": "2019-08-06T12:01:19.998Z"}}, {"model": "shoppy.image", "pk": 102, "fields": {"product": 31, "image": "images/FB_IMG_1494010029442_LWPaTLv.jpg", "created_at": "2019-08-06T12:01:54.939Z", "updated_at": "2019-08-06T12:01:54.940Z"}}, {"model": "shoppy.image", "pk": 103, "fields": {"product": 31, "image": "images/FB_IMG_1494010038312_6rtp5LU.jpg", "created_at": "2019-08-06T12:01:55.081Z", "updated_at": "2019-08-06T12:01:55.081Z"}}, {"model": "shoppy.image", "pk": 104, "fields": {"product": 31, "image": "images/FB_IMG_1494010043539_07EFBQ7.jpg", "created_at": "2019-08-06T12:01:55.228Z", "updated_at": "2019-08-06T12:01:55.228Z"}}, {"model": "shoppy.image", "pk": 105, "fields": {"product": 31, "image": "images/FB_IMG_1494010050298_eQKjt4x.jpg", "created_at": "2019-08-06T12:01:55.382Z", "updated_at": "2019-08-06T12:01:55.382Z"}}, {"model": "shoppy.image", "pk": 106, "fields": {"product": 31, "image": "images/FB_IMG_1494112785177_T02vVfR.jpg", "created_at": "2019-08-06T12:01:55.516Z", "updated_at": "2019-08-06T12:01:55.516Z"}}, {"model": "shoppy.image", "pk": 107, "fields": {"product": 31, "image": "images/FB_IMG_1494112869673_bgtlNMU.jpg", "created_at": "2019-08-06T12:01:55.689Z", "updated_at": "2019-08-06T12:01:55.689Z"}}, {"model": "shoppy.image", "pk": 108, "fields": {"product": 32, "image": "images/c05507876.png", "created_at": "2019-08-06T12:22:23.578Z", "updated_at": "2019-08-06T12:22:23.578Z"}}, {"model": "shoppy.image", "pk": 109, "fields": {"product": 33, "image": "images/FB_IMG_1494010029442_hq7AlLu.jpg", "created_at": "2019-08-06T12:56:51.260Z", "updated_at": "2019-08-06T12:56:51.260Z"}}, {"model": "shoppy.image", "pk": 110, "fields": {"product": 33, "image": "images/FB_IMG_1494010038312_J4p3Nst.jpg", "created_at": "2019-08-06T12:56:51.380Z", "updated_at": "2019-08-06T12:56:51.380Z"}}, {"model": "shoppy.image", "pk": 111, "fields": {"product": 33, "image": "images/FB_IMG_1494010043539_vqqjjb1.jpg", "created_at": "2019-08-06T12:56:51.493Z", "updated_at": "2019-08-06T12:56:51.493Z"}}, {"model": "shoppy.image", "pk": 112, "fields": {"product": 34, "image": "images/FB_IMG_1497859833543.jpg", "created_at": "2019-08-06T13:26:26.870Z", "updated_at": "2019-08-06T13:26:26.870Z"}}, {"model": "shoppy.image", "pk": 113, "fields": {"product": 34, "image": "images/FB_IMG_1498423829156.jpg", "created_at": "2019-08-06T13:26:27.031Z", "updated_at": "2019-08-06T13:26:27.031Z"}}, {"model": "shoppy.image", "pk": 114, "fields": {"product": 34, "image": "images/FB_IMG_1499184871758.jpg", "created_at": "2019-08-06T13:26:27.328Z", "updated_at": "2019-08-06T13:26:27.328Z"}}, {"model": "shoppy.image", "pk": 115, "fields": {"product": 34, "image": "images/FB_IMG_1499184881581.jpg", "created_at": "2019-08-06T13:26:27.508Z", "updated_at": "2019-08-06T13:26:27.508Z"}}, {"model": "shoppy.image", "pk": 116, "fields": {"product": 34, "image": "images/FB_IMG_1499184894901.jpg", "created_at": "2019-08-06T13:26:27.649Z", "updated_at": "2019-08-06T13:26:27.650Z"}}, {"model": "shoppy.image", "pk": 117, "fields": {"product": 34, "image": "images/FB_IMG_1499184901870.jpg", "created_at": "2019-08-06T13:26:27.748Z", "updated_at": "2019-08-06T13:26:27.748Z"}}, {"model": "shoppy.image", "pk": 118, "fields": {"product": 35, "image": "images/FB_IMG_1497859833543_YWHx5QF.jpg", "created_at": "2019-08-06T17:00:41.419Z", "updated_at": "2019-08-06T17:00:41.419Z"}}, {"model": "shoppy.image", "pk": 119, "fields": {"product": 35, "image": "images/FB_IMG_1498423829156_d3rCf6T.jpg", "created_at": "2019-08-06T17:00:41.532Z", "updated_at": "2019-08-06T17:00:41.533Z"}}, {"model": "shoppy.image", "pk": 120, "fields": {"product": 35, "image": "images/FB_IMG_1499184871758_r9jORiL.jpg", "created_at": "2019-08-06T17:00:41.664Z", "updated_at": "2019-08-06T17:00:41.664Z"}}, {"model": "shoppy.image", "pk": 121, "fields": {"product": 35, "image": "images/FB_IMG_1499184881581_nbhantE.jpg", "created_at": "2019-08-06T17:00:41.821Z", "updated_at": "2019-08-06T17:00:41.821Z"}}, {"model": "shoppy.image", "pk": 122, "fields": {"product": 35, "image": "images/FB_IMG_1499184894901_etyVJw3.jpg", "created_at": "2019-08-06T17:00:41.983Z", "updated_at": "2019-08-06T17:00:41.983Z"}}, {"model": "shoppy.image", "pk": 123, "fields": {"product": 35, "image": "images/FB_IMG_1499184901870_v03Khbb.jpg", "created_at": "2019-08-06T17:00:42.189Z", "updated_at": "2019-08-06T17:00:42.189Z"}}, {"model": "shoppy.image", "pk": 124, "fields": {"product": 36, "image": "images/FB_IMG_1497859833543_yU0Ky9A.jpg", "created_at": "2019-08-06T17:01:32.112Z", "updated_at": "2019-08-06T17:01:32.114Z"}}, {"model": "shoppy.image", "pk": 125, "fields": {"product": 36, "image": "images/FB_IMG_1498423829156_yPfHVBX.jpg", "created_at": "2019-08-06T17:01:32.297Z", "updated_at": "2019-08-06T17:01:32.297Z"}}, {"model": "shoppy.image", "pk": 126, "fields": {"product": 36, "image": "images/FB_IMG_1499184871758_lTLvpdM.jpg", "created_at": "2019-08-06T17:01:32.494Z", "updated_at": "2019-08-06T17:01:32.495Z"}}, {"model": "shoppy.image", "pk": 127, "fields": {"product": 36, "image": "images/FB_IMG_1499184881581_6eYmEIH.jpg", "created_at": "2019-08-06T17:01:32.737Z", "updated_at": "2019-08-06T17:01:32.737Z"}}, {"model": "shoppy.image", "pk": 128, "fields": {"product": 36, "image": "images/FB_IMG_1499184894901_GKLfqXR.jpg", "created_at": "2019-08-06T17:01:32.868Z", "updated_at": "2019-08-06T17:01:32.868Z"}}, {"model": "shoppy.image", "pk": 129, "fields": {"product": 36, "image": "images/FB_IMG_1499184901870_RAT9GnP.jpg", "created_at": "2019-08-06T17:01:33.028Z", "updated_at": "2019-08-06T17:01:33.028Z"}}, {"model": "shoppy.image", "pk": 130, "fields": {"product": 37, "image": "images/FB_IMG_1497859833543_xcvYTwy.jpg", "created_at": "2019-08-06T17:02:01.570Z", "updated_at": "2019-08-06T17:02:01.570Z"}}, {"model": "shoppy.image", "pk": 131, "fields": {"product": 37, "image": "images/FB_IMG_1498423829156_y2kikwI.jpg", "created_at": "2019-08-06T17:02:01.718Z", "updated_at": "2019-08-06T17:02:01.719Z"}}, {"model": "shoppy.image", "pk": 132, "fields": {"product": 37, "image": "images/FB_IMG_1499184871758_AXWLmOp.jpg", "created_at": "2019-08-06T17:02:01.857Z", "updated_at": "2019-08-06T17:02:01.857Z"}}, {"model": "shoppy.image", "pk": 133, "fields": {"product": 37, "image": "images/FB_IMG_1499184881581_SbGRy38.jpg", "created_at": "2019-08-06T17:02:02.046Z", "updated_at": "2019-08-06T17:02:02.046Z"}}, {"model": "shoppy.image", "pk": 134, "fields": {"product": 37, "image": "images/FB_IMG_1499184894901_lWCPSsf.jpg", "created_at": "2019-08-06T17:02:02.203Z", "updated_at": "2019-08-06T17:02:02.203Z"}}, {"model": "shoppy.image", "pk": 135, "fields": {"product": 37, "image": "images/FB_IMG_1499184901870_NIuUqJ8.jpg", "created_at": "2019-08-06T17:02:02.349Z", "updated_at": "2019-08-06T17:02:02.349Z"}}, {"model": "shoppy.image", "pk": 136, "fields": {"product": 38, "image": "images/c05507528.png", "created_at": "2019-08-06T19:52:23.380Z", "updated_at": "2019-08-06T19:52:23.380Z"}}, {"model": "shoppy.image", "pk": 137, "fields": {"product": 38, "image": "images/c05507528-1.png", "created_at": "2019-08-06T19:52:23.510Z", "updated_at": "2019-08-06T19:52:23.510Z"}}, {"model": "shoppy.image", "pk": 138, "fields": {"product": 38, "image": "images/c05507528-2.png", "created_at": "2019-08-06T19:52:23.637Z", "updated_at": "2019-08-06T19:52:23.637Z"}}, {"model": "shoppy.image", "pk": 139, "fields": {"product": 38, "image": "images/c05507777.png", "created_at": "2019-08-06T19:52:23.721Z", "updated_at": "2019-08-06T19:52:23.721Z"}}, {"model": "shoppy.image", "pk": 140, "fields": {"product": 38, "image": "images/c05507777-1_LeamEXK.png", "created_at": "2019-08-06T19:52:23.831Z", "updated_at": "2019-08-06T19:52:23.831Z"}}, {"model": "shoppy.image", "pk": 141, "fields": {"product": 38, "image": "images/c05507777-2.png", "created_at": "2019-08-06T19:52:23.947Z", "updated_at": "2019-08-06T19:52:23.948Z"}}, {"model": "shoppy.image", "pk": 142, "fields": {"product": 39, "image": "images/c05507528_jgwmUYc.png", "created_at": "2019-08-06T19:53:38.912Z", "updated_at": "2019-08-06T19:53:38.912Z"}}, {"model": "shoppy.image", "pk": 143, "fields": {"product": 39, "image": "images/c05507528-1_mXBGyEt.png", "created_at": "2019-08-06T19:53:39.037Z", "updated_at": "2019-08-06T19:53:39.037Z"}}, {"model": "shoppy.image", "pk": 144, "fields": {"product": 39, "image": "images/c05507528-2_vdKfJ9p.png", "created_at": "2019-08-06T19:53:39.155Z", "updated_at": "2019-08-06T19:53:39.155Z"}}, {"model": "shoppy.image", "pk": 145, "fields": {"product": 39, "image": "images/c05507777_1NMEX8O.png", "created_at": "2019-08-06T19:53:39.301Z", "updated_at": "2019-08-06T19:53:39.301Z"}}, {"model": "shoppy.image", "pk": 146, "fields": {"product": 39, "image": "images/c05507777-1_6ZbO6Yw.png", "created_at": "2019-08-06T19:53:39.489Z", "updated_at": "2019-08-06T19:53:39.489Z"}}, {"model": "shoppy.image", "pk": 147, "fields": {"product": 39, "image": "images/c05507777-2_hoWv0XM.png", "created_at": "2019-08-06T19:53:39.637Z", "updated_at": "2019-08-06T19:53:39.637Z"}}, {"model": "shoppy.image", "pk": 148, "fields": {"product": 40, "image": "images/csm_MG_0882_f9ab3b2994.jpg", "created_at": "2019-08-06T20:11:01.025Z", "updated_at": "2019-08-06T20:11:01.025Z"}}, {"model": "shoppy.image", "pk": 149, "fields": {"product": 40, "image": "images/csm_MG_0883_b82a366650.jpg", "created_at": "2019-08-06T20:11:01.198Z", "updated_at": "2019-08-06T20:11:01.198Z"}}, {"model": "shoppy.image", "pk": 150, "fields": {"product": 40, "image": "images/csm_MG_0888_1d5fda1846.jpg", "created_at": "2019-08-06T20:11:01.339Z", "updated_at": "2019-08-06T20:11:01.339Z"}}, {"model": "shoppy.image", "pk": 151, "fields": {"product": 40, "image": "images/csm_MG_0889_3573fd9f4a.jpg", "created_at": "2019-08-06T20:11:01.558Z", "updated_at": "2019-08-06T20:11:01.558Z"}}, {"model": "shoppy.image", "pk": 152, "fields": {"product": 40, "image": "images/csm_MG_0897_b9c586dc64.jpg", "created_at": "2019-08-06T20:11:01.771Z", "updated_at": "2019-08-06T20:11:01.771Z"}}, {"model": "shoppy.image", "pk": 153, "fields": {"product": 40, "image": "images/csm_MG_0898_e4cbd88d22.jpg", "created_at": "2019-08-06T20:11:01.917Z", "updated_at": "2019-08-06T20:11:01.917Z"}}, {"model": "shoppy.image", "pk": 154, "fields": {"product": 41, "image": "images/c05507528_SRXEN6r.png", "created_at": "2019-08-07T09:23:27.457Z", "updated_at": "2019-08-07T09:23:27.457Z"}}, {"model": "shoppy.image", "pk": 155, "fields": {"product": 41, "image": "images/c05507528-1_zzGSuPn.png", "created_at": "2019-08-07T09:23:27.605Z", "updated_at": "2019-08-07T09:23:27.606Z"}}, {"model": "shoppy.image", "pk": 156, "fields": {"product": 42, "image": "images/FB_IMG_1493826585415.jpg", "created_at": "2019-08-07T09:33:01.372Z", "updated_at": "2019-08-07T09:33:01.372Z"}}, {"model": "shoppy.image", "pk": 157, "fields": {"product": 42, "image": "images/FB_IMG_1493829420198.jpg", "created_at": "2019-08-07T09:33:01.519Z", "updated_at": "2019-08-07T09:33:01.519Z"}}, {"model": "shoppy.image", "pk": 158, "fields": {"product": 42, "image": "images/FB_IMG_1493829423969.jpg", "created_at": "2019-08-07T09:33:01.771Z", "updated_at": "2019-08-07T09:33:01.772Z"}}, {"model": "shoppy.image", "pk": 159, "fields": {"product": 43, "image": "images/FB_IMG_1493826585415_M6OngoJ.jpg", "created_at": "2019-08-07T09:36:21.164Z", "updated_at": "2019-08-07T09:36:21.164Z"}}, {"model": "shoppy.image", "pk": 160, "fields": {"product": 43, "image": "images/FB_IMG_1493829420198_Jwn7vNZ.jpg", "created_at": "2019-08-07T09:36:21.314Z", "updated_at": "2019-08-07T09:36:21.314Z"}}, {"model": "shoppy.image", "pk": 161, "fields": {"product": 43, "image": "images/FB_IMG_1493829423969_fpBGTHn.jpg", "created_at": "2019-08-07T09:36:21.504Z", "updated_at": "2019-08-07T09:36:21.504Z"}}, {"model": "shoppy.image", "pk": 162, "fields": {"product": 44, "image": "images/csm_MG_0889_3573fd9f4a_ED7AaqQ.jpg", "created_at": "2019-08-07T09:37:54.304Z", "updated_at": "2019-08-07T09:37:54.304Z"}}, {"model": "shoppy.image", "pk": 163, "fields": {"product": 44, "image": "images/csm_MG_0897_b9c586dc64_t8OzUqk.jpg", "created_at": "2019-08-07T09:37:54.428Z", "updated_at": "2019-08-07T09:37:54.428Z"}}, {"model": "shoppy.image", "pk": 164, "fields": {"product": 44, "image": "images/csm_MG_0898_e4cbd88d22_KfwCNb2.jpg", "created_at": "2019-08-07T09:37:54.618Z", "updated_at": "2019-08-07T09:37:54.619Z"}}, {"model": "shoppy.image", "pk": 165, "fields": {"product": 45, "image": "images/FB_IMG_1494112785177_9jG0xjK.jpg", "created_at": "2019-08-07T09:42:12.490Z", "updated_at": "2019-08-07T09:42:12.490Z"}}, {"model": "shoppy.image", "pk": 166, "fields": {"product": 45, "image": "images/FB_IMG_1494112869673_CiFzqmR.jpg", "created_at": "2019-08-07T09:42:12.664Z", "updated_at": "2019-08-07T09:42:12.664Z"}}, {"model": "shoppy.image", "pk": 167, "fields": {"product": 45, "image": "images/FB_IMG_1494112937238.jpg", "created_at": "2019-08-07T09:42:12.829Z", "updated_at": "2019-08-07T09:42:12.829Z"}}, {"model": "shoppy.image", "pk": 168, "fields": {"product": 46, "image": "images/FB_IMG_1494112785177_hWsEa9A.jpg", "created_at": "2019-08-07T09:56:03.147Z", "updated_at": "2019-08-07T09:56:03.148Z"}}, {"model": "shoppy.image", "pk": 169, "fields": {"product": 46, "image": "images/FB_IMG_1494112869673_ifZD1p9.jpg", "created_at": "2019-08-07T09:56:03.346Z", "updated_at": "2019-08-07T09:56:03.346Z"}}, {"model": "shoppy.image", "pk": 170, "fields": {"product": 46, "image": "images/FB_IMG_1494112937238_7AG4yfB.jpg", "created_at": "2019-08-07T09:56:03.601Z", "updated_at": "2019-08-07T09:56:03.601Z"}}, {"model": "shoppy.image", "pk": 171, "fields": {"product": 47, "image": "images/FB_IMG_1493329550816.jpg", "created_at": "2019-08-07T09:58:19.169Z", "updated_at": "2019-08-07T09:58:19.169Z"}}, {"model": "shoppy.image", "pk": 172, "fields": {"product": 48, "image": "images/hp-envy-21.jpg", "created_at": "2019-08-07T10:45:31.741Z", "updated_at": "2019-08-07T10:45:31.741Z"}}, {"model": "shoppy.image", "pk": 173, "fields": {"product": 48, "image": "images/hp-envy-22.jpg", "created_at": "2019-08-07T10:45:31.862Z", "updated_at": "2019-08-07T10:45:31.862Z"}}, {"model": "shoppy.image", "pk": 174, "fields": {"product": 48, "image": "images/HP-Pavilion-Power-2017-Preview-1.jpg", "created_at": "2019-08-07T10:45:31.990Z", "updated_at": "2019-08-07T10:45:31.990Z"}}, {"model": "shoppy.image", "pk": 175, "fields": {"product": 48, "image": "images/HP-Pavilion-Power-2017-Preview-4.jpg", "created_at": "2019-08-07T10:45:32.151Z", "updated_at": "2019-08-07T10:45:32.154Z"}}, {"model": "shoppy.image", "pk": 176, "fields": {"product": 49, "image": "images/FB_IMG_1501184419884.jpg", "created_at": "2019-08-07T10:48:04.714Z", "updated_at": "2019-08-07T10:48:04.714Z"}}, {"model": "shoppy.image", "pk": 177, "fields": {"product": 49, "image": "images/FB_IMG_1501280902356.jpg", "created_at": "2019-08-07T10:48:04.846Z", "updated_at": "2019-08-07T10:48:04.846Z"}}, {"model": "shoppy.image", "pk": 178, "fields": {"product": 49, "image": "images/FB_IMG_1501355863974.jpg", "created_at": "2019-08-07T10:48:04.982Z", "updated_at": "2019-08-07T10:48:04.982Z"}}, {"model": "shoppy.image", "pk": 179, "fields": {"product": 50, "image": "images/FB_IMG_1501184419884_PHR3Xbf.jpg", "created_at": "2019-08-07T10:57:55.292Z", "updated_at": "2019-08-07T10:57:55.293Z"}}, {"model": "shoppy.image", "pk": 180, "fields": {"product": 50, "image": "images/FB_IMG_1501280902356_HbNqkeW.jpg", "created_at": "2019-08-07T10:57:55.430Z", "updated_at": "2019-08-07T10:57:55.430Z"}}, {"model": "shoppy.image", "pk": 181, "fields": {"product": 50, "image": "images/FB_IMG_1501355863974_WJgq3gE.jpg", "created_at": "2019-08-07T10:57:55.556Z", "updated_at": "2019-08-07T10:57:55.556Z"}}, {"model": "shoppy.image", "pk": 182, "fields": {"product": 51, "image": "images/FB_IMG_1502692036551.jpg", "created_at": "2019-08-07T11:49:03.514Z", "updated_at": "2019-08-07T11:49:03.514Z"}}, {"model": "shoppy.image", "pk": 183, "fields": {"product": 52, "image": "images/FB_IMG_1492123101267_-_Copy.jpg", "created_at": "2019-08-08T06:58:28.376Z", "updated_at": "2019-08-08T06:58:28.376Z"}}, {"model": "shoppy.image", "pk": 184, "fields": {"product": 53, "image": "images/FB_IMG_1492123101267_-_Copy_zupBGLB.jpg", "created_at": "2019-08-08T06:59:36.899Z", "updated_at": "2019-08-08T06:59:36.899Z"}}, {"model": "shoppy.image", "pk": 185, "fields": {"product": 55, "image": "images/3.jpg", "created_at": "2019-08-20T07:56:31.822Z", "updated_at": "2019-08-20T07:56:31.822Z"}}, {"model": "shoppy.image", "pk": 186, "fields": {"product": 56, "image": "images/3_TEtyKgJ.jpg", "created_at": "2019-08-20T07:57:58.191Z", "updated_at": "2019-08-20T07:57:58.191Z"}}, {"model": "shoppy.carousel", "pk": 1, "fields": {"image": "couresel/1920x1080_2.jpg", "description": "weekend deals", "created_at": "2019-07-24T12:46:47.482Z", "updated_at": "2019-07-24T12:46:47.482Z"}}, {"model": "shoppy.carousel", "pk": 2, "fields": {"image": "couresel/4K-Nvidia-Wallpaper-PIC-WPXH327590_xAnwlX8.jpg", "description": "weekend deals 3", "created_at": "2019-07-24T12:48:39.664Z", "updated_at": "2019-07-24T12:48:39.664Z"}}, {"model": "shoppy.carousel", "pk": 3, "fields": {"image": "couresel/cafe-4047138.jpg", "description": "weekend deals", "created_at": "2019-07-24T12:49:54.484Z", "updated_at": "2019-07-24T12:49:54.484Z"}}, {"model": "shoppy.carousel", "pk": 4, "fields": {"image": "couresel/2018-Toyota-Crown-Majesta-front.jpg", "description": "weekend deals", "created_at": "2019-07-26T17:10:20.795Z", "updated_at": "2019-07-26T17:10:20.795Z"}}, {"model": "shoppy.carousel", "pk": 5, "fields": {"image": "couresel/2018-Toyota-Crown-Review-640x346.jpg", "description": "lscbvzdfxv", "created_at": "2019-07-26T17:58:58.007Z", "updated_at": "2019-07-26T17:58:58.008Z"}}, {"model": "shoppy.carousel", "pk": 6, "fields": {"image": "couresel/147305.jpg", "description": "weekend deals 3", "created_at": "2019-07-26T18:00:06.541Z", "updated_at": "2019-07-26T18:00:06.541Z"}}, {"model": "shoppy.carousel", "pk": 7, "fields": {"image": "couresel/green-gas_00268856.jpg", "description": "this is a the new wallpaper for nvidia", "created_at": "2019-08-16T16:54:59.765Z", "updated_at": "2019-08-16T16:54:59.765Z"}}, {"model": "shoppy.carousel", "pk": 8, "fields": {"image": "couresel/Screenshot_2017-09-27-13-29-13.jpeg", "description": "Buy one get one free", "created_at": "2019-08-20T09:59:08.917Z", "updated_at": "2019-08-20T09:59:08.917Z"}}, {"model": "shoppy.inventory", "pk": 1, "fields": {"product": 53, "quantity": 9.0, "created_at": "2019-08-08T06:59:37.697Z", "updated_at": "2019-08-08T06:59:37.698Z"}}, {"model": "shoppy.inventory", "pk": 2, "fields": {"product": 54, "quantity": 5.0, "created_at": "2019-08-20T07:32:12.200Z", "updated_at": "2019-08-20T07:32:12.200Z"}}, {"model": "shoppy.inventory", "pk": 3, "fields": {"product": 55, "quantity": 2.0, "created_at": "2019-08-20T07:56:32.223Z", "updated_at": "2019-08-20T07:56:32.223Z"}}, {"model": "shoppy.inventory", "pk": 4, "fields": {"product": 55, "quantity": 0.0, "created_at": "2019-08-20T07:56:32.310Z", "updated_at": "2019-08-20T07:56:32.310Z"}}, {"model": "shoppy.inventory", "pk": 5, "fields": {"product": 56, "quantity": 2.0, "created_at": "2019-08-20T07:57:58.579Z", "updated_at": "2019-08-20T07:57:58.579Z"}}, {"model": "shoppy.inventory", "pk": 6, "fields": {"product": 56, "quantity": 0.0, "created_at": "2019-08-20T07:57:58.735Z", "updated_at": "2019-08-20T07:57:58.735Z"}}, {"model": "shoppy.variant", "pk": 4, "fields": {"name": "size", "created_at": "2019-07-25T09:39:00.195Z", "updated_at": "2019-07-25T09:39:00.210Z"}}, {"model": "shoppy.variant", "pk": 5, "fields": {"name": "Color", "created_at": "2019-07-25T09:39:10.045Z", "updated_at": "2019-07-25T09:39:10.045Z"}}, {"model": "shoppy.variant", "pk": 6, "fields": {"name": "Weight", "created_at": "2019-08-02T09:35:31.114Z", "updated_at": "2019-08-02T09:35:31.114Z"}}, {"model": "shoppy.variant_option", "pk": 6, "fields": {"variant": 5, "name": "red", "created_at": "2019-07-25T09:39:41.994Z", "updated_at": "2019-07-25T09:39:41.994Z"}}, {"model": "shoppy.variant_option", "pk": 7, "fields": {"variant": 5, "name": "pink", "created_at": "2019-07-25T09:39:58.217Z", "updated_at": "2019-08-07T09:06:19.005Z"}}, {"model": "shoppy.variant_option", "pk": 8, "fields": {"variant": 4, "name": "large", "created_at": "2019-07-25T09:40:09.234Z", "updated_at": "2019-07-25T09:40:09.234Z"}}, {"model": "shoppy.variant_option", "pk": 10, "fields": {"variant": 4, "name": "Heavy Weights", "created_at": "2019-08-02T09:35:48.459Z", "updated_at": "2019-08-07T11:55:16.372Z"}}, {"model": "shoppy.variant_option", "pk": 11, "fields": {"variant": 6, "name": "Bantam", "created_at": "2019-08-02T09:36:03.009Z", "updated_at": "2019-08-02T09:36:03.009Z"}}, {"model": "shoppy.orderproductvariantoption", "pk": 4, "fields": {"orderProduct": 2, "variantOptions": 8, "created_at": "2019-08-09T14:50:14.719Z", "updated_at": "2019-08-09T14:50:14.719Z"}}, {"model": "shoppy.orderproductvariantoption", "pk": 5, "fields": {"orderProduct": 2, "variantOptions": 6, "created_at": "2019-08-09T14:50:15.027Z", "updated_at": "2019-08-09T14:50:15.027Z"}}, {"model": "shoppy.orderproductvariantoption", "pk": 6, "fields": {"orderProduct": 2, "variantOptions": 11, "created_at": "2019-08-09T14:50:15.327Z", "updated_at": "2019-08-09T14:50:15.327Z"}}, {"model": "shoppy.orderproductvariantoption", "pk": 7, "fields": {"orderProduct": 10, "variantOptions": 8, "created_at": "2019-08-16T11:15:05.122Z", "updated_at": "2019-08-16T11:15:05.122Z"}}, {"model": "shoppy.orderproductvariantoption", "pk": 8, "fields": {"orderProduct": 10, "variantOptions": 6, "created_at": "2019-08-16T11:15:05.323Z", "updated_at": "2019-08-16T11:15:05.323Z"}}, {"model": "shoppy.orderproductvariantoption", "pk": 9, "fields": {"orderProduct": 10, "variantOptions": 8, "created_at": "2019-08-16T11:15:05.497Z", "updated_at": "2019-08-16T11:15:05.497Z"}}, {"model": "shoppy.product_variant_options", "pk": 1, "fields": {"product": 46, "variant_options": 8, "created_at": "2019-08-07T09:56:03.759Z", "updated_at": "2019-08-07T09:56:03.765Z"}}, {"model": "shoppy.product_variant_options", "pk": 2, "fields": {"product": 46, "variant_options": 6, "created_at": "2019-08-07T09:56:03.941Z", "updated_at": "2019-08-07T09:56:03.941Z"}}, {"model": "shoppy.product_variant_options", "pk": 3, "fields": {"product": 46, "variant_options": 11, "created_at": "2019-08-07T09:56:04.108Z", "updated_at": "2019-08-07T09:56:04.108Z"}}, {"model": "shoppy.product_variant_options", "pk": 4, "fields": {"product": 49, "variant_options": 8, "created_at": "2019-08-07T10:48:05.075Z", "updated_at": "2019-08-07T10:48:05.075Z"}}, {"model": "shoppy.product_variant_options", "pk": 5, "fields": {"product": 49, "variant_options": 6, "created_at": "2019-08-07T10:48:05.174Z", "updated_at": "2019-08-07T10:48:05.174Z"}}, {"model": "shoppy.product_variant_options", "pk": 6, "fields": {"product": 49, "variant_options": 10, "created_at": "2019-08-07T10:48:05.295Z", "updated_at": "2019-08-07T10:48:05.295Z"}}, {"model": "shoppy.product_variant_options", "pk": 7, "fields": {"product": 50, "variant_options": 8, "created_at": "2019-08-07T10:57:55.679Z", "updated_at": "2019-08-07T10:57:55.679Z"}}, {"model": "shoppy.product_variant_options", "pk": 8, "fields": {"product": 50, "variant_options": 6, "created_at": "2019-08-07T10:57:55.951Z", "updated_at": "2019-08-07T10:57:55.951Z"}}, {"model": "shoppy.product_variant_options", "pk": 9, "fields": {"product": 50, "variant_options": 10, "created_at": "2019-08-07T10:57:56.090Z", "updated_at": "2019-08-07T10:57:56.090Z"}}, {"model": "shoppy.product_variant_options", "pk": 10, "fields": {"product": 51, "variant_options": 8, "created_at": "2019-08-07T11:49:03.625Z", "updated_at": "2019-08-07T11:49:03.625Z"}}, {"model": "shoppy.product_variant_options", "pk": 11, "fields": {"product": 51, "variant_options": 6, "created_at": "2019-08-07T11:49:03.748Z", "updated_at": "2019-08-07T11:49:03.748Z"}}, {"model": "shoppy.product_variant_options", "pk": 12, "fields": {"product": 52, "variant_options": 8, "created_at": "2019-08-08T06:58:28.508Z", "updated_at": "2019-08-08T06:58:28.508Z"}}, {"model": "shoppy.product_variant_options", "pk": 13, "fields": {"product": 52, "variant_options": 6, "created_at": "2019-08-08T06:58:28.699Z", "updated_at": "2019-08-08T06:58:28.699Z"}}, {"model": "shoppy.product_variant_options", "pk": 14, "fields": {"product": 52, "variant_options": 11, "created_at": "2019-08-08T06:58:28.904Z", "updated_at": "2019-08-08T06:58:28.904Z"}}, {"model": "shoppy.product_variant_options", "pk": 15, "fields": {"product": 53, "variant_options": 8, "created_at": "2019-08-08T06:59:37.081Z", "updated_at": "2019-08-08T06:59:37.081Z"}}, {"model": "shoppy.product_variant_options", "pk": 16, "fields": {"product": 53, "variant_options": 6, "created_at": "2019-08-08T06:59:37.300Z", "updated_at": "2019-08-08T06:59:37.300Z"}}, {"model": "shoppy.product_variant_options", "pk": 17, "fields": {"product": 53, "variant_options": 11, "created_at": "2019-08-08T06:59:37.489Z", "updated_at": "2019-08-08T06:59:37.489Z"}}, {"model": "shoppy.product_variant_options", "pk": 18, "fields": {"product": 54, "variant_options": 8, "created_at": "2019-08-20T07:32:11.674Z", "updated_at": "2019-08-20T07:32:11.674Z"}}, {"model": "shoppy.product_variant_options", "pk": 19, "fields": {"product": 54, "variant_options": 6, "created_at": "2019-08-20T07:32:11.871Z", "updated_at": "2019-08-20T07:32:11.871Z"}}, {"model": "shoppy.product_variant_options", "pk": 20, "fields": {"product": 54, "variant_options": 11, "created_at": "2019-08-20T07:32:11.993Z", "updated_at": "2019-08-20T07:32:11.993Z"}}, {"model": "shoppy.product_variant_options", "pk": 21, "fields": {"product": 55, "variant_options": 6, "created_at": "2019-08-20T07:56:32.010Z", "updated_at": "2019-08-20T07:56:32.011Z"}}, {"model": "shoppy.product_variant_options", "pk": 22, "fields": {"product": 56, "variant_options": 6, "created_at": "2019-08-20T07:57:58.405Z", "updated_at": "2019-08-20T07:57:58.405Z"}}, {"model": "contenttypes.contenttype", "pk": 1, "fields": {"app_label": "admin", "model": "logentry"}}, {"model": "contenttypes.contenttype", "pk": 2, "fields": {"app_label": "shoppy", "model": "brand"}}, {"model": "contenttypes.contenttype", "pk": 3, "fields": {"app_label": "shoppy", "model": "buyer"}}, {"model": "contenttypes.contenttype", "pk": 4, "fields": {"app_label": "shoppy", "model": "carousel"}}, {"model": "contenttypes.contenttype", "pk": 5, "fields": {"app_label": "shoppy", "model": "category"}}, {"model": "contenttypes.contenttype", "pk": 6, "fields": {"app_label": "shoppy", "model": "checkout"}}, {"model": "contenttypes.contenttype", "pk": 7, "fields": {"app_label": "shoppy", "model": "image"}}, {"model": "contenttypes.contenttype", "pk": 8, "fields": {"app_label": "shoppy", "model": "inventory"}}, {"model": "contenttypes.contenttype", "pk": 9, "fields": {"app_label": "shoppy", "model": "offer"}}, {"model": "contenttypes.contenttype", "pk": 10, "fields": {"app_label": "shoppy", "model": "order_delivery"}}, {"model": "contenttypes.contenttype", "pk": 11, "fields": {"app_label": "shoppy", "model": "order_product"}}, {"model": "contenttypes.contenttype", "pk": 12, "fields": {"app_label": "shoppy", "model": "payment"}}, {"model": "contenttypes.contenttype", "pk": 13, "fields": {"app_label": "shoppy", "model": "product"}}, {"model": "contenttypes.contenttype", "pk": 14, "fields": {"app_label": "shoppy", "model": "product_variant_options"}}, {"model": "contenttypes.contenttype", "pk": 15, "fields": {"app_label": "shoppy", "model": "region"}}, {"model": "contenttypes.contenttype", "pk": 16, "fields": {"app_label": "shoppy", "model": "review"}}, {"model": "contenttypes.contenttype", "pk": 17, "fields": {"app_label": "shoppy", "model": "seller"}}, {"model": "contenttypes.contenttype", "pk": 18, "fields": {"app_label": "shoppy", "model": "variant"}}, {"model": "contenttypes.contenttype", "pk": 19, "fields": {"app_label": "shoppy", "model": "variant_option"}}, {"model": "contenttypes.contenttype", "pk": 20, "fields": {"app_label": "shoppy", "model": "wishlist"}}, {"model": "contenttypes.contenttype", "pk": 21, "fields": {"app_label": "auth", "model": "permission"}}, {"model": "contenttypes.contenttype", "pk": 22, "fields": {"app_label": "auth", "model": "group"}}, {"model": "contenttypes.contenttype", "pk": 23, "fields": {"app_label": "auth", "model": "user"}}, {"model": "contenttypes.contenttype", "pk": 24, "fields": {"app_label": "contenttypes", "model": "contenttype"}}, {"model": "contenttypes.contenttype", "pk": 25, "fields": {"app_label": "sessions", "model": "session"}}, {"model": "contenttypes.contenttype", "pk": 26, "fields": {"app_label": "shoppy", "model": "order"}}, {"model": "contenttypes.contenttype", "pk": 27, "fields": {"app_label": "shoppy", "model": "orderproductvariantoption"}}, {"model": "contenttypes.contenttype", "pk": 28, "fields": {"app_label": "authtoken", "model": "token"}}, {"model": "contenttypes.contenttype", "pk": 29, "fields": {"app_label": "sites", "model": "site"}}, {"model": "contenttypes.contenttype", "pk": 30, "fields": {"app_label": "allauth", "model": "socialapp"}}, {"model": "contenttypes.contenttype", "pk": 31, "fields": {"app_label": "allauth", "model": "socialaccount"}}, {"model": "contenttypes.contenttype", "pk": 32, "fields": {"app_label": "allauth", "model": "socialtoken"}}, {"model": "contenttypes.contenttype", "pk": 33, "fields": {"app_label": "account", "model": "emailaddress"}}, {"model": "contenttypes.contenttype", "pk": 34, "fields": {"app_label": "account", "model": "emailconfirmation"}}, {"model": "contenttypes.contenttype", "pk": 35, "fields": {"app_label": "androidAuthApi", "model": "androidproducts"}}, {"model": "sessions.session", "pk": "11xe07bp8f8j78jkkxw89t6mjsuuc9wq", "fields": {"session_data": "NjgyNWZlOWNhNmI3OTIzN2Q1OWMzMjE4ZDVkNWY3NWI5YjVjMWMyOTp7Il9hdXRoX3VzZXJfaWQiOiI0IiwiX2F1dGhfdXNlcl9iYWNrZW5kIjoiZGphbmdvLmNvbnRyaWIuYXV0aC5iYWNrZW5kcy5Nb2RlbEJhY2tlbmQiLCJfYXV0aF91c2VyX2hhc2giOiJjOWQ2MzZlZWJiY2QyNTk3Mjc5MjY4MTkzNWQyYzM5ZjcwYmVhNjg2In0=", "expire_date": "2019-09-02T06:26:21.855Z"}}, {"model": "sessions.session", "pk": "98lx8qj24ybfi1ztb1m9qewt82lsp838", "fields": {"session_data": "ZWJiYjZhNTRiMjhlYWJkZDQzNTAxZGQ3ZjZjMTJkYjcwNDFhMjA4Njp7Il9hdXRoX3VzZXJfaWQiOiI4IiwiX2F1dGhfdXNlcl9iYWNrZW5kIjoiZGphbmdvLmNvbnRyaWIuYXV0aC5iYWNrZW5kcy5Nb2RlbEJhY2tlbmQiLCJfYXV0aF91c2VyX2hhc2giOiIzYjEyYzY3MjFmZjNjMjE1MzBjMmViNWVmOTA0NzBlMjI2YzllMjVmIn0=", "expire_date": "2019-09-03T15:24:18.300Z"}}, {"model": "sessions.session", "pk": "9d6lqcv7wmg66n36ykkw18lm6um9kskn", "fields": {"session_data": "NzBjNjQ0YzQxODZiZGRiMTJlOGIyZjUyZWYzMjZlNmE2NTliYWYzZTp7Il9hdXRoX3VzZXJfaWQiOiIxNyIsIl9hdXRoX3VzZXJfYmFja2VuZCI6ImRqYW5nby5jb250cmliLmF1dGguYmFja2VuZHMuTW9kZWxCYWNrZW5kIiwiX2F1dGhfdXNlcl9oYXNoIjoiYzliOTU3MGNmYTE1MjExMmVhOWFmMzU3N2JlMzJlZjVkZmFhZjJjYSJ9", "expire_date": "2019-09-18T10:22:16.187Z"}}, {"model": "sessions.session", "pk": "sq9fuxaf0bk7gb92vg6z9mpvcccmf89d", "fields": {"session_data": "NjgyNWZlOWNhNmI3OTIzN2Q1OWMzMjE4ZDVkNWY3NWI5YjVjMWMyOTp7Il9hdXRoX3VzZXJfaWQiOiI0IiwiX2F1dGhfdXNlcl9iYWNrZW5kIjoiZGphbmdvLmNvbnRyaWIuYXV0aC5iYWNrZW5kcy5Nb2RlbEJhY2tlbmQiLCJfYXV0aF91c2VyX2hhc2giOiJjOWQ2MzZlZWJiY2QyNTk3Mjc5MjY4MTkzNWQyYzM5ZjcwYmVhNjg2In0=", "expire_date": "2019-08-16T09:25:02.783Z"}}, {"model": "sessions.session", "pk": "tpftmmcomvqmucxpkkfmpd2uqswnhhtr", "fields": {"session_data": "NTMwZTBhMDM3MzEyMzIxOTI5ODY4NWNmYWQzNDkzODQxMzkyZjUzYjp7Il9hdXRoX3VzZXJfaWQiOiIxIiwiX2F1dGhfdXNlcl9iYWNrZW5kIjoiZGphbmdvLmNvbnRyaWIuYXV0aC5iYWNrZW5kcy5Nb2RlbEJhY2tlbmQiLCJfYXV0aF91c2VyX2hhc2giOiJiNjZiZmU0OTk1YThiZTVkMjA1YzBhMDBkZmY0MmI1NWVlNTM0ZDg5In0=", "expire_date": "2019-08-19T09:38:23.066Z"}}, {"model": "sessions.session", "pk": "u4qdxc1491g1r9wgptx2asctondo1dbe", "fields": {"session_data": "MDMxNTU0YmVkOGZhYjI3NTVjNjhlNjQ4YTc3YTMwMzVmNjc3YjdmYTp7Il9hdXRoX3VzZXJfaWQiOiI1IiwiX2F1dGhfdXNlcl9iYWNrZW5kIjoiZGphbmdvLmNvbnRyaWIuYXV0aC5iYWNrZW5kcy5Nb2RlbEJhY2tlbmQiLCJfYXV0aF91c2VyX2hhc2giOiIxYmFiZDA1M2QwNjkyNzRkMTcxOTZmNDYyMjYxNDFmOTAxNDJjYmI0In0=", "expire_date": "2019-09-02T11:57:09.217Z"}}, {"model": "sessions.session", "pk": "uokjxb50qtgj3notjc7uax8gyh64ktm3", "fields": {"session_data": "NjgyNWZlOWNhNmI3OTIzN2Q1OWMzMjE4ZDVkNWY3NWI5YjVjMWMyOTp7Il9hdXRoX3VzZXJfaWQiOiI0IiwiX2F1dGhfdXNlcl9iYWNrZW5kIjoiZGphbmdvLmNvbnRyaWIuYXV0aC5iYWNrZW5kcy5Nb2RlbEJhY2tlbmQiLCJfYXV0aF91c2VyX2hhc2giOiJjOWQ2MzZlZWJiY2QyNTk3Mjc5MjY4MTkzNWQyYzM5ZjcwYmVhNjg2In0=", "expire_date": "2019-09-03T10:05:30.004Z"}}, {"model": "sessions.session", "pk": "vlvlpsssbzqy75l5xrhq1f5rrdv6985c", "fields": {"session_data": "NjgyNWZlOWNhNmI3OTIzN2Q1OWMzMjE4ZDVkNWY3NWI5YjVjMWMyOTp7Il9hdXRoX3VzZXJfaWQiOiI0IiwiX2F1dGhfdXNlcl9iYWNrZW5kIjoiZGphbmdvLmNvbnRyaWIuYXV0aC5iYWNrZW5kcy5Nb2RlbEJhY2tlbmQiLCJfYXV0aF91c2VyX2hhc2giOiJjOWQ2MzZlZWJiY2QyNTk3Mjc5MjY4MTkzNWQyYzM5ZjcwYmVhNjg2In0=", "expire_date": "2019-09-03T09:47:35.375Z"}}, {"model": "sessions.session", "pk": "wnubrd2ps2dqm6t5ydvhptil2ab64zy4", "fields": {"session_data": "ZWJiYjZhNTRiMjhlYWJkZDQzNTAxZGQ3ZjZjMTJkYjcwNDFhMjA4Njp7Il9hdXRoX3VzZXJfaWQiOiI4IiwiX2F1dGhfdXNlcl9iYWNrZW5kIjoiZGphbmdvLmNvbnRyaWIuYXV0aC5iYWNrZW5kcy5Nb2RlbEJhY2tlbmQiLCJfYXV0aF91c2VyX2hhc2giOiIzYjEyYzY3MjFmZjNjMjE1MzBjMmViNWVmOTA0NzBlMjI2YzllMjVmIn0=", "expire_date": "2019-09-07T16:39:22.221Z"}}, {"model": "sessions.session", "pk": "yw381a5qjzvxtwm9d9tiinnkebocdoel", "fields": {"session_data": "YTM3NDdjNmMzMDJkZjkzNmUwYmM3MTgyNGIxOWI0N2Q3YWI5NTgxYjp7Il9hdXRoX3VzZXJfaWQiOiI3IiwiX2F1dGhfdXNlcl9iYWNrZW5kIjoiZGphbmdvLmNvbnRyaWIuYXV0aC5iYWNrZW5kcy5Nb2RlbEJhY2tlbmQiLCJfYXV0aF91c2VyX2hhc2giOiJiNTk0ZjVhOGI0NTk0MTU1NmZjYzhkNTY4MDE4MmVlNDY1MTlhNmNjIn0=", "expire_date": "2019-08-16T09:11:17.416Z"}}, {"model": "sites.site", "pk": 1, "fields": {"domain": "example.com", "name": "example.com"}}, {"model": "auth.permission", "pk": 1, "fields": {"name": "Can add log entry", "content_type": 1, "codename": "add_logentry"}}, {"model": "auth.permission", "pk": 2, "fields": {"name": "Can change log entry", "content_type": 1, "codename": "change_logentry"}}, {"model": "auth.permission", "pk": 3, "fields": {"name": "Can delete log entry", "content_type": 1, "codename": "delete_logentry"}}, {"model": "auth.permission", "pk": 4, "fields": {"name": "Can view log entry", "content_type": 1, "codename": "view_logentry"}}, {"model": "auth.permission", "pk": 5, "fields": {"name": "Can add brand", "content_type": 2, "codename": "add_brand"}}, {"model": "auth.permission", "pk": 6, "fields": {"name": "Can change brand", "content_type": 2, "codename": "change_brand"}}, {"model": "auth.permission", "pk": 7, "fields": {"name": "Can delete brand", "content_type": 2, "codename": "delete_brand"}}, {"model": "auth.permission", "pk": 8, "fields": {"name": "Can view brand", "content_type": 2, "codename": "view_brand"}}, {"model": "auth.permission", "pk": 9, "fields": {"name": "Can add Buyer", "content_type": 3, "codename": "add_buyer"}}, {"model": "auth.permission", "pk": 10, "fields": {"name": "Can change Buyer", "content_type": 3, "codename": "change_buyer"}}, {"model": "auth.permission", "pk": 11, "fields": {"name": "Can delete Buyer", "content_type": 3, "codename": "delete_buyer"}}, {"model": "auth.permission", "pk": 12, "fields": {"name": "Can view Buyer", "content_type": 3, "codename": "view_buyer"}}, {"model": "auth.permission", "pk": 13, "fields": {"name": "Can add carousel", "content_type": 4, "codename": "add_carousel"}}, {"model": "auth.permission", "pk": 14, "fields": {"name": "Can change carousel", "content_type": 4, "codename": "change_carousel"}}, {"model": "auth.permission", "pk": 15, "fields": {"name": "Can delete carousel", "content_type": 4, "codename": "delete_carousel"}}, {"model": "auth.permission", "pk": 16, "fields": {"name": "Can view carousel", "content_type": 4, "codename": "view_carousel"}}, {"model": "auth.permission", "pk": 17, "fields": {"name": "Can add category", "content_type": 5, "codename": "add_category"}}, {"model": "auth.permission", "pk": 18, "fields": {"name": "Can change category", "content_type": 5, "codename": "change_category"}}, {"model": "auth.permission", "pk": 19, "fields": {"name": "Can delete category", "content_type": 5, "codename": "delete_category"}}, {"model": "auth.permission", "pk": 20, "fields": {"name": "Can view category", "content_type": 5, "codename": "view_category"}}, {"model": "auth.permission", "pk": 21, "fields": {"name": "Can add Checkout", "content_type": 6, "codename": "add_checkout"}}, {"model": "auth.permission", "pk": 22, "fields": {"name": "Can change Checkout", "content_type": 6, "codename": "change_checkout"}}, {"model": "auth.permission", "pk": 23, "fields": {"name": "Can delete Checkout", "content_type": 6, "codename": "delete_checkout"}}, {"model": "auth.permission", "pk": 24, "fields": {"name": "Can view Checkout", "content_type": 6, "codename": "view_checkout"}}, {"model": "auth.permission", "pk": 25, "fields": {"name": "Can add image", "content_type": 7, "codename": "add_image"}}, {"model": "auth.permission", "pk": 26, "fields": {"name": "Can change image", "content_type": 7, "codename": "change_image"}}, {"model": "auth.permission", "pk": 27, "fields": {"name": "Can delete image", "content_type": 7, "codename": "delete_image"}}, {"model": "auth.permission", "pk": 28, "fields": {"name": "Can view image", "content_type": 7, "codename": "view_image"}}, {"model": "auth.permission", "pk": 29, "fields": {"name": "Can add inventory", "content_type": 8, "codename": "add_inventory"}}, {"model": "auth.permission", "pk": 30, "fields": {"name": "Can change inventory", "content_type": 8, "codename": "change_inventory"}}, {"model": "auth.permission", "pk": 31, "fields": {"name": "Can delete inventory", "content_type": 8, "codename": "delete_inventory"}}, {"model": "auth.permission", "pk": 32, "fields": {"name": "Can view inventory", "content_type": 8, "codename": "view_inventory"}}, {"model": "auth.permission", "pk": 33, "fields": {"name": "Can add offer", "content_type": 9, "codename": "add_offer"}}, {"model": "auth.permission", "pk": 34, "fields": {"name": "Can change offer", "content_type": 9, "codename": "change_offer"}}, {"model": "auth.permission", "pk": 35, "fields": {"name": "Can delete offer", "content_type": 9, "codename": "delete_offer"}}, {"model": "auth.permission", "pk": 36, "fields": {"name": "Can view offer", "content_type": 9, "codename": "view_offer"}}, {"model": "auth.permission", "pk": 37, "fields": {"name": "Can add order_ delivery", "content_type": 10, "codename": "add_order_delivery"}}, {"model": "auth.permission", "pk": 38, "fields": {"name": "Can change order_ delivery", "content_type": 10, "codename": "change_order_delivery"}}, {"model": "auth.permission", "pk": 39, "fields": {"name": "Can delete order_ delivery", "content_type": 10, "codename": "delete_order_delivery"}}, {"model": "auth.permission", "pk": 40, "fields": {"name": "Can view order_ delivery", "content_type": 10, "codename": "view_order_delivery"}}, {"model": "auth.permission", "pk": 41, "fields": {"name": "Can add order_ product", "content_type": 11, "codename": "add_order_product"}}, {"model": "auth.permission", "pk": 42, "fields": {"name": "Can change order_ product", "content_type": 11, "codename": "change_order_product"}}, {"model": "auth.permission", "pk": 43, "fields": {"name": "Can delete order_ product", "content_type": 11, "codename": "delete_order_product"}}, {"model": "auth.permission", "pk": 44, "fields": {"name": "Can view order_ product", "content_type": 11, "codename": "view_order_product"}}, {"model": "auth.permission", "pk": 45, "fields": {"name": "Can add payment", "content_type": 12, "codename": "add_payment"}}, {"model": "auth.permission", "pk": 46, "fields": {"name": "Can change payment", "content_type": 12, "codename": "change_payment"}}, {"model": "auth.permission", "pk": 47, "fields": {"name": "Can delete payment", "content_type": 12, "codename": "delete_payment"}}, {"model": "auth.permission", "pk": 48, "fields": {"name": "Can view payment", "content_type": 12, "codename": "view_payment"}}, {"model": "auth.permission", "pk": 49, "fields": {"name": "Can add Product", "content_type": 13, "codename": "add_product"}}, {"model": "auth.permission", "pk": 50, "fields": {"name": "Can change Product", "content_type": 13, "codename": "change_product"}}, {"model": "auth.permission", "pk": 51, "fields": {"name": "Can delete Product", "content_type": 13, "codename": "delete_product"}}, {"model": "auth.permission", "pk": 52, "fields": {"name": "Can view Product", "content_type": 13, "codename": "view_product"}}, {"model": "auth.permission", "pk": 53, "fields": {"name": "Can add product_ variant_ options", "content_type": 14, "codename": "add_product_variant_options"}}, {"model": "auth.permission", "pk": 54, "fields": {"name": "Can change product_ variant_ options", "content_type": 14, "codename": "change_product_variant_options"}}, {"model": "auth.permission", "pk": 55, "fields": {"name": "Can delete product_ variant_ options", "content_type": 14, "codename": "delete_product_variant_options"}}, {"model": "auth.permission", "pk": 56, "fields": {"name": "Can view product_ variant_ options", "content_type": 14, "codename": "view_product_variant_options"}}, {"model": "auth.permission", "pk": 57, "fields": {"name": "Can add region", "content_type": 15, "codename": "add_region"}}, {"model": "auth.permission", "pk": 58, "fields": {"name": "Can change region", "content_type": 15, "codename": "change_region"}}, {"model": "auth.permission", "pk": 59, "fields": {"name": "Can delete region", "content_type": 15, "codename": "delete_region"}}, {"model": "auth.permission", "pk": 60, "fields": {"name": "Can view region", "content_type": 15, "codename": "view_region"}}, {"model": "auth.permission", "pk": 61, "fields": {"name": "Can add review", "content_type": 16, "codename": "add_review"}}, {"model": "auth.permission", "pk": 62, "fields": {"name": "Can change review", "content_type": 16, "codename": "change_review"}}, {"model": "auth.permission", "pk": 63, "fields": {"name": "Can delete review", "content_type": 16, "codename": "delete_review"}}, {"model": "auth.permission", "pk": 64, "fields": {"name": "Can view review", "content_type": 16, "codename": "view_review"}}, {"model": "auth.permission", "pk": 65, "fields": {"name": "Can add Seller", "content_type": 17, "codename": "add_seller"}}, {"model": "auth.permission", "pk": 66, "fields": {"name": "Can change Seller", "content_type": 17, "codename": "change_seller"}}, {"model": "auth.permission", "pk": 67, "fields": {"name": "Can delete Seller", "content_type": 17, "codename": "delete_seller"}}, {"model": "auth.permission", "pk": 68, "fields": {"name": "Can view Seller", "content_type": 17, "codename": "view_seller"}}, {"model": "auth.permission", "pk": 69, "fields": {"name": "Can add variant", "content_type": 18, "codename": "add_variant"}}, {"model": "auth.permission", "pk": 70, "fields": {"name": "Can change variant", "content_type": 18, "codename": "change_variant"}}, {"model": "auth.permission", "pk": 71, "fields": {"name": "Can delete variant", "content_type": 18, "codename": "delete_variant"}}, {"model": "auth.permission", "pk": 72, "fields": {"name": "Can view variant", "content_type": 18, "codename": "view_variant"}}, {"model": "auth.permission", "pk": 73, "fields": {"name": "Can add variant_ option", "content_type": 19, "codename": "add_variant_option"}}, {"model": "auth.permission", "pk": 74, "fields": {"name": "Can change variant_ option", "content_type": 19, "codename": "change_variant_option"}}, {"model": "auth.permission", "pk": 75, "fields": {"name": "Can delete variant_ option", "content_type": 19, "codename": "delete_variant_option"}}, {"model": "auth.permission", "pk": 76, "fields": {"name": "Can view variant_ option", "content_type": 19, "codename": "view_variant_option"}}, {"model": "auth.permission", "pk": 77, "fields": {"name": "Can add wishlist", "content_type": 20, "codename": "add_wishlist"}}, {"model": "auth.permission", "pk": 78, "fields": {"name": "Can change wishlist", "content_type": 20, "codename": "change_wishlist"}}, {"model": "auth.permission", "pk": 79, "fields": {"name": "Can delete wishlist", "content_type": 20, "codename": "delete_wishlist"}}, {"model": "auth.permission", "pk": 80, "fields": {"name": "Can view wishlist", "content_type": 20, "codename": "view_wishlist"}}, {"model": "auth.permission", "pk": 81, "fields": {"name": "Can add permission", "content_type": 21, "codename": "add_permission"}}, {"model": "auth.permission", "pk": 82, "fields": {"name": "Can change permission", "content_type": 21, "codename": "change_permission"}}, {"model": "auth.permission", "pk": 83, "fields": {"name": "Can delete permission", "content_type": 21, "codename": "delete_permission"}}, {"model": "auth.permission", "pk": 84, "fields": {"name": "Can view permission", "content_type": 21, "codename": "view_permission"}}, {"model": "auth.permission", "pk": 85, "fields": {"name": "Can add group", "content_type": 22, "codename": "add_group"}}, {"model": "auth.permission", "pk": 86, "fields": {"name": "Can change group", "content_type": 22, "codename": "change_group"}}, {"model": "auth.permission", "pk": 87, "fields": {"name": "Can delete group", "content_type": 22, "codename": "delete_group"}}, {"model": "auth.permission", "pk": 88, "fields": {"name": "Can view group", "content_type": 22, "codename": "view_group"}}, {"model": "auth.permission", "pk": 89, "fields": {"name": "Can add user", "content_type": 23, "codename": "add_user"}}, {"model": "auth.permission", "pk": 90, "fields": {"name": "Can change user", "content_type": 23, "codename": "change_user"}}, {"model": "auth.permission", "pk": 91, "fields": {"name": "Can delete user", "content_type": 23, "codename": "delete_user"}}, {"model": "auth.permission", "pk": 92, "fields": {"name": "Can view user", "content_type": 23, "codename": "view_user"}}, {"model": "auth.permission", "pk": 93, "fields": {"name": "Can add content type", "content_type": 24, "codename": "add_contenttype"}}, {"model": "auth.permission", "pk": 94, "fields": {"name": "Can change content type", "content_type": 24, "codename": "change_contenttype"}}, {"model": "auth.permission", "pk": 95, "fields": {"name": "Can delete content type", "content_type": 24, "codename": "delete_contenttype"}}, {"model": "auth.permission", "pk": 96, "fields": {"name": "Can view content type", "content_type": 24, "codename": "view_contenttype"}}, {"model": "auth.permission", "pk": 97, "fields": {"name": "Can add session", "content_type": 25, "codename": "add_session"}}, {"model": "auth.permission", "pk": 98, "fields": {"name": "Can change session", "content_type": 25, "codename": "change_session"}}, {"model": "auth.permission", "pk": 99, "fields": {"name": "Can delete session", "content_type": 25, "codename": "delete_session"}}, {"model": "auth.permission", "pk": 100, "fields": {"name": "Can view session", "content_type": 25, "codename": "view_session"}}, {"model": "auth.permission", "pk": 101, "fields": {"name": "Can add order", "content_type": 26, "codename": "add_order"}}, {"model": "auth.permission", "pk": 102, "fields": {"name": "Can change order", "content_type": 26, "codename": "change_order"}}, {"model": "auth.permission", "pk": 103, "fields": {"name": "Can delete order", "content_type": 26, "codename": "delete_order"}}, {"model": "auth.permission", "pk": 104, "fields": {"name": "Can view order", "content_type": 26, "codename": "view_order"}}, {"model": "auth.permission", "pk": 105, "fields": {"name": "Can add order product variant option", "content_type": 27, "codename": "add_orderproductvariantoption"}}, {"model": "auth.permission", "pk": 106, "fields": {"name": "Can change order product variant option", "content_type": 27, "codename": "change_orderproductvariantoption"}}, {"model": "auth.permission", "pk": 107, "fields": {"name": "Can delete order product variant option", "content_type": 27, "codename": "delete_orderproductvariantoption"}}, {"model": "auth.permission", "pk": 108, "fields": {"name": "Can view order product variant option", "content_type": 27, "codename": "view_orderproductvariantoption"}}, {"model": "auth.permission", "pk": 109, "fields": {"name": "Can add Token", "content_type": 28, "codename": "add_token"}}, {"model": "auth.permission", "pk": 110, "fields": {"name": "Can change Token", "content_type": 28, "codename": "change_token"}}, {"model": "auth.permission", "pk": 111, "fields": {"name": "Can delete Token", "content_type": 28, "codename": "delete_token"}}, {"model": "auth.permission", "pk": 112, "fields": {"name": "Can view Token", "content_type": 28, "codename": "view_token"}}, {"model": "auth.permission", "pk": 113, "fields": {"name": "Can add site", "content_type": 29, "codename": "add_site"}}, {"model": "auth.permission", "pk": 114, "fields": {"name": "Can change site", "content_type": 29, "codename": "change_site"}}, {"model": "auth.permission", "pk": 115, "fields": {"name": "Can delete site", "content_type": 29, "codename": "delete_site"}}, {"model": "auth.permission", "pk": 116, "fields": {"name": "Can view site", "content_type": 29, "codename": "view_site"}}, {"model": "auth.permission", "pk": 117, "fields": {"name": "Can add social application", "content_type": 30, "codename": "add_socialapp"}}, {"model": "auth.permission", "pk": 118, "fields": {"name": "Can change social application", "content_type": 30, "codename": "change_socialapp"}}, {"model": "auth.permission", "pk": 119, "fields": {"name": "Can delete social application", "content_type": 30, "codename": "delete_socialapp"}}, {"model": "auth.permission", "pk": 120, "fields": {"name": "Can view social application", "content_type": 30, "codename": "view_socialapp"}}, {"model": "auth.permission", "pk": 121, "fields": {"name": "Can add social account", "content_type": 31, "codename": "add_socialaccount"}}, {"model": "auth.permission", "pk": 122, "fields": {"name": "Can change social account", "content_type": 31, "codename": "change_socialaccount"}}, {"model": "auth.permission", "pk": 123, "fields": {"name": "Can delete social account", "content_type": 31, "codename": "delete_socialaccount"}}, {"model": "auth.permission", "pk": 124, "fields": {"name": "Can view social account", "content_type": 31, "codename": "view_socialaccount"}}, {"model": "auth.permission", "pk": 125, "fields": {"name": "Can add social application token", "content_type": 32, "codename": "add_socialtoken"}}, {"model": "auth.permission", "pk": 126, "fields": {"name": "Can change social application token", "content_type": 32, "codename": "change_socialtoken"}}, {"model": "auth.permission", "pk": 127, "fields": {"name": "Can delete social application token", "content_type": 32, "codename": "delete_socialtoken"}}, {"model": "auth.permission", "pk": 128, "fields": {"name": "Can view social application token", "content_type": 32, "codename": "view_socialtoken"}}, {"model": "auth.permission", "pk": 129, "fields": {"name": "Can add email address", "content_type": 33, "codename": "add_emailaddress"}}, {"model": "auth.permission", "pk": 130, "fields": {"name": "Can change email address", "content_type": 33, "codename": "change_emailaddress"}}, {"model": "auth.permission", "pk": 131, "fields": {"name": "Can delete email address", "content_type": 33, "codename": "delete_emailaddress"}}, {"model": "auth.permission", "pk": 132, "fields": {"name": "Can view email address", "content_type": 33, "codename": "view_emailaddress"}}, {"model": "auth.permission", "pk": 133, "fields": {"name": "Can add email confirmation", "content_type": 34, "codename": "add_emailconfirmation"}}, {"model": "auth.permission", "pk": 134, "fields": {"name": "Can change email confirmation", "content_type": 34, "codename": "change_emailconfirmation"}}, {"model": "auth.permission", "pk": 135, "fields": {"name": "Can delete email confirmation", "content_type": 34, "codename": "delete_emailconfirmation"}}, {"model": "auth.permission", "pk": 136, "fields": {"name": "Can view email confirmation", "content_type": 34, "codename": "view_emailconfirmation"}}, {"model": "auth.permission", "pk": 137, "fields": {"name": "Can add android products", "content_type": 35, "codename": "add_androidproducts"}}, {"model": "auth.permission", "pk": 138, "fields": {"name": "Can change android products", "content_type": 35, "codename": "change_androidproducts"}}, {"model": "auth.permission", "pk": 139, "fields": {"name": "Can delete android products", "content_type": 35, "codename": "delete_androidproducts"}}, {"model": "auth.permission", "pk": 140, "fields": {"name": "Can view android products", "content_type": 35, "codename": "view_androidproducts"}}, {"model": "auth.user", "pk": 1, "fields": {"password": "pbkdf2_sha256$120000$JZbBEiVxHLhO$lgd2W4rV/YFB7d82wrEB8jc+gljQ29D3fhSEQv8wfRA=", "last_login": "2019-08-10T17:28:14.465Z", "is_superuser": true, "username": "w.eugene.a", "first_name": "admin", "last_name": "admin", "email": "eugene.were@yahoo.com", "is_staff": true, "is_active": true, "date_joined": "2019-07-24T11:33:27Z", "groups": [], "user_permissions": []}}, {"model": "auth.user", "pk": 2, "fields": {"password": "pbkdf2_sha256$120000$NgOQNGK86CqR$PmGavbN+Ydj2ozsdWcjwQRFZY+lFyzEvyZuyErrsw2g=", "last_login": "2019-08-19T08:25:25.752Z", "is_superuser": false, "username": "eugene.were@yahoo.com", "first_name": "Eugine", "last_name": "were", "email": "", "is_staff": false, "is_active": true, "date_joined": "2019-07-24T11:59:38.120Z", "groups": [], "user_permissions": []}}, {"model": "auth.user", "pk": 3, "fields": {"password": "pbkdf2_sha256$120000$EEh9yppN1nvU$8dKjlkfmfVcOfTTL1XXMlTZDjvDVMlUcItXB6sWgF1Y=", "last_login": "2019-08-19T06:33:14.792Z", "is_superuser": false, "username": "eugenewere2@yahoo.com", "first_name": "eugene2", "last_name": "were2", "email": "", "is_staff": false, "is_active": true, "date_joined": "2019-07-24T12:02:08.677Z", "groups": [], "user_permissions": []}}, {"model": "auth.user", "pk": 4, "fields": {"password": "pbkdf2_sha256$120000$VKzIyKHTu9qL$ho5EaAAWjssjnRKSqk03zR17mNYLoSfZr2EDkhfzFv0=", "last_login": "2019-08-20T10:05:29.793Z", "is_superuser": false, "username": "sellerseller@yahoo.com", "first_name": "paul", "last_name": "kimani", "email": "", "is_staff": false, "is_active": true, "date_joined": "2019-07-24T12:04:42Z", "groups": [], "user_permissions": []}}, {"model": "auth.user", "pk": 5, "fields": {"password": "pbkdf2_sha256$120000$4e1yCyPBctjB$2cPqltfnMFt/byEiBUikwTL2GOK/aFgajeJQA3r72zs=", "last_login": "2019-08-19T11:57:09.062Z", "is_superuser": false, "username": "sellerseller2@yahoo.com", "first_name": "Eugine", "last_name": "were", "email": "", "is_staff": false, "is_active": true, "date_joined": "2019-07-24T12:20:17.902Z", "groups": [], "user_permissions": []}}, {"model": "auth.user", "pk": 6, "fields": {"password": "pbkdf2_sha256$120000$2S1pnIKRPlAo$HpemsPFhNU1iB1asuyI6yhuNy3Ft326Q0j4VqK76GPI=", "last_login": null, "is_superuser": true, "username": "eugene.wereadmin@yahoo.com", "first_name": "", "last_name": "", "email": "eugene.wereadmin@yahoo.com", "is_staff": true, "is_active": true, "date_joined": "2019-07-25T21:22:27.572Z", "groups": [], "user_permissions": []}}, {"model": "auth.user", "pk": 7, "fields": {"password": "pbkdf2_sha256$120000$rvmXoscGlZfQ$jntHDii6stpJUuHgDKc/uQ+j0I+GWcORSMmKit++9m0=", "last_login": "2019-08-02T09:11:17.201Z", "is_superuser": false, "username": "kiariekevin22@gmail.com", "first_name": "kevin", "last_name": "kingara", "email": "", "is_staff": false, "is_active": true, "date_joined": "2019-08-02T09:10:50.924Z", "groups": [], "user_permissions": []}}, {"model": "auth.user", "pk": 8, "fields": {"password": "pbkdf2_sha256$150000$WwqNnXxSHek6$W9671RNBGm4toCVAYPcA7vD8Kk08GguB73BIqJd8X5c=", "last_login": "2019-08-24T16:39:22.003Z", "is_superuser": true, "username": "Brian", "first_name": "", "last_name": "", "email": "brian@gmail.com", "is_staff": true, "is_active": true, "date_joined": "2019-08-20T15:23:42.526Z", "groups": [], "user_permissions": []}}, {"model": "auth.user", "pk": 9, "fields": {"password": "pbkdf2_sha256$150000$cFYWrLjoCjzk$QMDTEdx7V9aPhhuCpO4eY+DHbL+Js5u/9nSjgBYBang=", "last_login": null, "is_superuser": false, "username": "markarik", "first_name": "Mark", "last_name": "Kariuki", "email": "mark@test.con", "is_staff": false, "is_active": true, "date_joined": "2019-08-21T14:58:30.012Z", "groups": [], "user_permissions": []}}, {"model": "auth.user", "pk": 10, "fields": {"password": "pbkdf2_sha256$150000$8gOvYKaQz9Js$f0oWTP1ju4eQ/GlyUNpqsUFqhw1Xqt6Xta87oRYFFC8=", "last_login": null, "is_superuser": false, "username": "kipchumba", "first_name": "kevin", "last_name": "kipchumba", "email": "kip@gmail.com", "is_staff": false, "is_active": true, "date_joined": "2019-08-21T15:01:57.186Z", "groups": [], "user_permissions": []}}, {"model": "auth.user", "pk": 11, "fields": {"password": "brigeveriz7", "last_login": null, "is_superuser": false, "username": "Gachiri", "first_name": "Brian", "last_name": "Gachiri", "email": "gachiri@gmail.com", "is_staff": false, "is_active": true, "date_joined": "2019-08-27T12:24:29Z", "groups": [], "user_permissions": []}}, {"model": "auth.user", "pk": 12, "fields": {"password": "pbkdf2_sha256$150000$V2TV1RPmIbrZ$5ZBel0Jk8qxfpjEtDO7Dznr4QE29oe2z92hc41Vog8o=", "last_login": null, "is_superuser": false, "username": "Mathenge", "first_name": "Brian", "last_name": "Gachiri", "email": "brian@gmail.com", "is_staff": false, "is_active": true, "date_joined": "2019-08-27T12:41:38.284Z", "groups": [], "user_permissions": []}}, {"model": "auth.user", "pk": 13, "fields": {"password": "pbkdf2_sha256$150000$SphPW6xltACo$ZaruR60y3j9lUje/TWRdYrSSfTootXR4/LjKVVodlK4=", "last_login": null, "is_superuser": false, "username": "Evans", "first_name": "Evans", "last_name": "Boss ", "email": "boss@gmail.com", "is_staff": false, "is_active": true, "date_joined": "2019-08-28T06:04:15.518Z", "groups": [], "user_permissions": []}}, {"model": "auth.user", "pk": 14, "fields": {"password": "pbkdf2_sha256$150000$v8T1sb3Gvnae$VdsBEEL9zinCeTzMYGy7p/ROJTLuWm1IU92qqIxK0r4=", "last_login": null, "is_superuser": false, "username": "Daggie", "first_name": "Daggie", "last_name": "Daggie", "email": "daggie@test.com", "is_staff": false, "is_active": true, "date_joined": "2019-08-28T08:26:42.115Z", "groups": [], "user_permissions": []}}, {"model": "auth.user", "pk": 15, "fields": {"password": "pbkdf2_sha256$150000$Wu1hYtZzBVk0$TIYMTY2MVWLxk5Xlqko+QNPou9OA5oQl2bA2UPwVTVE=", "last_login": null, "is_superuser": false, "username": "mark", "first_name": "Mark", "last_name": "Gichohi", "email": "mark@test.com", "is_staff": false, "is_active": true, "date_joined": "2019-09-03T15:04:42.788Z", "groups": [], "user_permissions": []}}, {"model": "auth.user", "pk": 16, "fields": {"password": "pbkdf2_sha256$150000$o6J6EBUknaDs$iodxJekwz7B+pNP9h7NNzKPEb7430hx15uAK44sBaNo=", "last_login": null, "is_superuser": true, "username": "Tester", "first_name": "", "last_name": "", "email": "test@test.com", "is_staff": true, "is_active": true, "date_joined": "2019-09-04T10:04:20.837Z", "groups": [], "user_permissions": []}}, {"model": "auth.user", "pk": 17, "fields": {"password": "pbkdf2_sha256$150000$fwARQsgJleQj$iRf2211Zph27tSf9VetuCcwzqmT8+nJ8nTH080Yp1m8=", "last_login": "2019-09-04T10:22:16.053Z", "is_superuser": false, "username": "kevin@gmail.com", "first_name": "Kevin", "last_name": "Ngocho", "email": "kevin@gmail.com", "is_staff": false, "is_active": true, "date_joined": "2019-09-04T10:21:56.544Z", "groups": [], "user_permissions": []}}, {"model": "authtoken.token", "pk": "137f290875c67ebf178340a180df37e7b55c1061", "fields": {"user": 8, "created": "2019-08-20T15:24:17.740Z"}}, {"model": "authtoken.token", "pk": "2d511855f3e503428097ce791534f3325bed7df2", "fields": {"user": 13, "created": "2019-08-28T06:04:34.591Z"}}, {"model": "authtoken.token", "pk": "5001e46603adcf9b8caa9bbfd8e03ecda76d76dd", "fields": {"user": 10, "created": "2019-08-21T15:02:09.894Z"}}, {"model": "authtoken.token", "pk": "95ca5c719c86763feb58de5f8c363485ef480541", "fields": {"user": 15, "created": "2019-09-03T15:05:06.181Z"}}, {"model": "authtoken.token", "pk": "a308fdf44d5b582b77ba129b9c7a9f4a53104c3c", "fields": {"user": 12, "created": "2019-08-27T12:41:53.590Z"}}, {"model": "authtoken.token", "pk": "c56c9dc876ddaf489603ece34ec2d52374efcd26", "fields": {"user": 14, "created": "2019-08-28T08:27:04.000Z"}}, {"model": "authtoken.token", "pk": "efe568908ecf574c6955a61fe3fe9253a44e7e89", "fields": {"user": 9, "created": "2019-08-21T14:58:53.193Z"}}, {"model": "shoppy.buyer", "pk": 2, "fields": {"phone_number": "0706833784", "groups": [], "user_permissions": []}}, {"model": "shoppy.buyer", "pk": 3, "fields": {"phone_number": "0706833784", "groups": [], "user_permissions": []}}, {"model": "shoppy.buyer", "pk": 7, "fields": {"phone_number": "0723822197", "groups": [], "user_permissions": []}}, {"model": "shoppy.buyer", "pk": 9, "fields": {"phone_number": "07123456789", "groups": [], "user_permissions": []}}, {"model": "shoppy.buyer", "pk": 10, "fields": {"phone_number": "125", "groups": [], "user_permissions": []}}, {"model": "shoppy.buyer", "pk": 11, "fields": {"phone_number": "0707070707", "groups": [], "user_permissions": []}}, {"model": "shoppy.buyer", "pk": 12, "fields": {"phone_number": "0707070707", "groups": [], "user_permissions": []}}, {"model": "shoppy.buyer", "pk": 13, "fields": {"phone_number": "0707070707", "groups": [], "user_permissions": []}}, {"model": "shoppy.buyer", "pk": 14, "fields": {"phone_number": "07078787878", "groups": [], "user_permissions": []}}, {"model": "shoppy.buyer", "pk": 15, "fields": {"phone_number": "0724437269", "groups": [], "user_permissions": []}}, {"model": "shoppy.buyer", "pk": 17, "fields": {"phone_number": "0707070707", "groups": [], "user_permissions": []}}, {"model": "shoppy.seller", "pk": 4, "fields": {"phone_number": "070683378", "business_no": "seller111", "store_logo": "store_logo/images_1_zdwdZVG.png", "store_name": "muva", "status": "VERIFIED", "country": "Kiambu", "groups": [], "user_permissions": []}}, {"model": "shoppy.seller", "pk": 5, "fields": {"phone_number": "0706833785", "business_no": "tester1997", "store_logo": "store_logo/images_1_zdwdZVG.png", "store_name": "store54", "status": "VERIFIED", "country": "Nairobi", "groups": [], "user_permissions": []}}, {"model": "admin.logentry", "pk": 1, "fields": {"action_time": "2019-07-24T11:38:45.915Z", "user": 1, "content_type": 5, "object_id": "1", "object_repr": "Electronics", "action_flag": 1, "change_message": "[{\"added\": {}}]"}}, {"model": "admin.logentry", "pk": 2, "fields": {"action_time": "2019-07-24T11:39:13.939Z", "user": 1, "content_type": 5, "object_id": "2", "object_repr": "Cloathing", "action_flag": 1, "change_message": "[{\"added\": {}}]"}}, {"model": "admin.logentry", "pk": 3, "fields": {"action_time": "2019-07-24T12:12:10.880Z", "user": 1, "content_type": 17, "object_id": "4", "object_repr": "seller seller (muva)", "action_flag": 2, "change_message": "[{\"changed\": {\"fields\": [\"store_logo\", \"status\"]}}]"}}, {"model": "admin.logentry", "pk": 4, "fields": {"action_time": "2019-07-25T14:12:04.345Z", "user": 1, "content_type": 23, "object_id": "1", "object_repr": "w.eugene.a", "action_flag": 2, "change_message": "[{\"changed\": {\"fields\": [\"first_name\", \"last_name\"]}}]"}}, {"model": "admin.logentry", "pk": 5, "fields": {"action_time": "2019-08-07T09:06:19.031Z", "user": 1, "content_type": 19, "object_id": "7", "object_repr": "Color (pink)", "action_flag": 2, "change_message": "[{\"changed\": {\"fields\": [\"name\"]}}]"}}, {"model": "admin.logentry", "pk": 6, "fields": {"action_time": "2019-08-20T15:31:31.457Z", "user": 8, "content_type": 35, "object_id": "57", "object_repr": "Hitman Suit (paul kimani (muva))", "action_flag": 1, "change_message": "[{\"added\": {}}]"}}, {"model": "admin.logentry", "pk": 7, "fields": {"action_time": "2019-08-20T15:36:19.433Z", "user": 8, "content_type": 35, "object_id": "58", "object_repr": "Ironman Suit (Eugine were (store54))", "action_flag": 1, "change_message": "[{\"added\": {}}]"}}, {"model": "admin.logentry", "pk": 8, "fields": {"action_time": "2019-08-20T15:40:14.659Z", "user": 8, "content_type": 35, "object_id": "59", "object_repr": "Blue Aquarium (Eugine were (store54))", "action_flag": 1, "change_message": "[{\"added\": {}}]"}}, {"model": "admin.logentry", "pk": 9, "fields": {"action_time": "2019-08-21T10:02:24.198Z", "user": 8, "content_type": 35, "object_id": "60", "object_repr": "Vases (paul kimani (muva))", "action_flag": 1, "change_message": "[{\"added\": {}}]"}}, {"model": "admin.logentry", "pk": 10, "fields": {"action_time": "2019-08-22T07:04:10.589Z", "user": 8, "content_type": 35, "object_id": "58", "object_repr": "Ironman Suit (Eugine were (store54))", "action_flag": 2, "change_message": "[{\"changed\": {\"fields\": [\"featured_url\"]}}]"}}, {"model": "admin.logentry", "pk": 11, "fields": {"action_time": "2019-08-22T07:04:39.315Z", "user": 8, "content_type": 35, "object_id": "57", "object_repr": "Hitman Suit (paul kimani (muva))", "action_flag": 2, "change_message": "[{\"changed\": {\"fields\": [\"featured_url\"]}}]"}}, {"model": "admin.logentry", "pk": 12, "fields": {"action_time": "2019-08-22T09:00:19.257Z", "user": 8, "content_type": 11, "object_id": "13", "object_repr": "Mark samsung A10 black Series(2)", "action_flag": 2, "change_message": "[{\"changed\": {\"fields\": [\"quantity\"]}}]"}}, {"model": "admin.logentry", "pk": 13, "fields": {"action_time": "2019-08-23T07:17:12.278Z", "user": 8, "content_type": 11, "object_id": "16", "object_repr": "Mark toyota mark II(7)", "action_flag": 2, "change_message": "[{\"changed\": {\"fields\": [\"quantity\"]}}]"}}, {"model": "admin.logentry", "pk": 14, "fields": {"action_time": "2019-08-23T11:11:07.597Z", "user": 8, "content_type": 35, "object_id": "61", "object_repr": "Bed And Duvet (paul kimani (muva))", "action_flag": 1, "change_message": "[{\"added\": {}}]"}}, {"model": "admin.logentry", "pk": 15, "fields": {"action_time": "2019-08-23T11:13:09.503Z", "user": 8, "content_type": 35, "object_id": "62", "object_repr": "Interior Wallpaper, 5 Metres (paul kimani (muva))", "action_flag": 1, "change_message": "[{\"added\": {}}]"}}, {"model": "admin.logentry", "pk": 16, "fields": {"action_time": "2019-08-23T11:15:55.682Z", "user": 8, "content_type": 35, "object_id": "63", "object_repr": "Yamaha Drumset (Eugine were (store54))", "action_flag": 1, "change_message": "[{\"added\": {}}]"}}, {"model": "admin.logentry", "pk": 17, "fields": {"action_time": "2019-08-23T11:17:26.929Z", "user": 8, "content_type": 35, "object_id": "64", "object_repr": "Electric Guitar, Yamaha (Eugine were (store54))", "action_flag": 1, "change_message": "[{\"added\": {}}]"}}, {"model": "admin.logentry", "pk": 18, "fields": {"action_time": "2019-08-23T11:19:34.905Z", "user": 8, "content_type": 35, "object_id": "65", "object_repr": "Gown Wedding Dress (paul kimani (muva))", "action_flag": 1, "change_message": "[{\"added\": {}}]"}}, {"model": "admin.logentry", "pk": 19, "fields": {"action_time": "2019-08-23T11:21:56.974Z", "user": 8, "content_type": 35, "object_id": "66", "object_repr": "Sleeveless Party Dress (paul kimani (muva))", "action_flag": 1, "change_message": "[{\"added\": {}}]"}}, {"model": "admin.logentry", "pk": 20, "fields": {"action_time": "2019-08-23T11:23:59.441Z", "user": 8, "content_type": 35, "object_id": "67", "object_repr": "Dinner Dress (paul kimani (muva))", "action_flag": 1, "change_message": "[{\"added\": {}}]"}}, {"model": "admin.logentry", "pk": 21, "fields": {"action_time": "2019-08-24T16:40:22.895Z", "user": 8, "content_type": 20, "object_id": "30", "object_repr": "Wishlist object (30)", "action_flag": 3, "change_message": ""}}, {"model": "admin.logentry", "pk": 22, "fields": {"action_time": "2019-08-24T16:40:28.133Z", "user": 8, "content_type": 20, "object_id": "32", "object_repr": "Wishlist object (32)", "action_flag": 3, "change_message": ""}}, {"model": "admin.logentry", "pk": 23, "fields": {"action_time": "2019-08-24T16:40:35.023Z", "user": 8, "content_type": 20, "object_id": "29", "object_repr": "Wishlist object (29)", "action_flag": 3, "change_message": ""}}, {"model": "admin.logentry", "pk": 24, "fields": {"action_time": "2019-08-24T16:41:06.093Z", "user": 8, "content_type": 20, "object_id": "27", "object_repr": "Wishlist object (27)", "action_flag": 3, "change_message": ""}}, {"model": "admin.logentry", "pk": 25, "fields": {"action_time": "2019-08-24T16:41:56.924Z", "user": 8, "content_type": 20, "object_id": "33", "object_repr": "Wishlist object (33)", "action_flag": 3, "change_message": ""}}, {"model": "admin.logentry", "pk": 26, "fields": {"action_time": "2019-08-24T16:42:01.219Z", "user": 8, "content_type": 20, "object_id": "31", "object_repr": "Wishlist object (31)", "action_flag": 3, "change_message": ""}}, {"model": "admin.logentry", "pk": 27, "fields": {"action_time": "2019-08-24T16:42:05.740Z", "user": 8, "content_type": 20, "object_id": "28", "object_repr": "Wishlist object (28)", "action_flag": 3, "change_message": ""}}, {"model": "admin.logentry", "pk": 28, "fields": {"action_time": "2019-08-24T16:42:10.550Z", "user": 8, "content_type": 20, "object_id": "26", "object_repr": "Wishlist object (26)", "action_flag": 3, "change_message": ""}}, {"model": "admin.logentry", "pk": 29, "fields": {"action_time": "2019-08-24T16:42:25.021Z", "user": 8, "content_type": 20, "object_id": "34", "object_repr": "Wishlist object (34)", "action_flag": 3, "change_message": ""}}, {"model": "admin.logentry", "pk": 30, "fields": {"action_time": "2019-08-26T12:25:32.278Z", "user": 8, "content_type": 35, "object_id": "67", "object_repr": "Dinner Dress (paul kimani (muva))", "action_flag": 3, "change_message": ""}}, {"model": "admin.logentry", "pk": 31, "fields": {"action_time": "2019-08-26T12:25:32.708Z", "user": 8, "content_type": 35, "object_id": "66", "object_repr": "Sleeveless Party Dress (paul kimani (muva))", "action_flag": 3, "change_message": ""}}, {"model": "admin.logentry", "pk": 32, "fields": {"action_time": "2019-08-26T12:25:33.029Z", "user": 8, "content_type": 35, "object_id": "65", "object_repr": "Gown Wedding Dress (paul kimani (muva))", "action_flag": 3, "change_message": ""}}, {"model": "admin.logentry", "pk": 33, "fields": {"action_time": "2019-08-26T12:26:18.495Z", "user": 8, "content_type": 35, "object_id": "60", "object_repr": "Vases (paul kimani (muva))", "action_flag": 2, "change_message": "[{\"changed\": {\"fields\": [\"category\"]}}]"}}, {"model": "admin.logentry", "pk": 34, "fields": {"action_time": "2019-08-27T12:25:22.323Z", "user": 8, "content_type": 3, "object_id": "11", "object_repr": "Brian Gachiri", "action_flag": 1, "change_message": "[{\"added\": {}}]"}}, {"model": "admin.logentry", "pk": 35, "fields": {"action_time": "2019-08-28T07:20:59.355Z", "user": 8, "content_type": 35, "object_id": "68", "object_repr": "Hp laptop (paul kimani (muva))", "action_flag": 1, "change_message": "[{\"added\": {}}]"}}, {"model": "admin.logentry", "pk": 36, "fields": {"action_time": "2019-08-28T07:22:26.785Z", "user": 8, "content_type": 35, "object_id": "69", "object_repr": "Lenovo laptop (paul kimani (muva))", "action_flag": 1, "change_message": "[{\"added\": {}}]"}}, {"model": "admin.logentry", "pk": 37, "fields": {"action_time": "2019-08-28T07:23:03.329Z", "user": 8, "content_type": 35, "object_id": "69", "object_repr": "Toshiba laptop (paul kimani (muva))", "action_flag": 2, "change_message": "[{\"changed\": {\"fields\": [\"name\"]}}]"}}, {"model": "admin.logentry", "pk": 38, "fields": {"action_time": "2019-08-28T09:02:53.020Z", "user": 8, "content_type": 11, "object_id": "23", "object_repr": "Daggie Hp laptop(1)", "action_flag": 3, "change_message": ""}}, {"model": "admin.logentry", "pk": 39, "fields": {"action_time": "2019-08-28T09:29:01.270Z", "user": 8, "content_type": 11, "object_id": "25", "object_repr": "Brian Toshiba laptop(1)", "action_flag": 3, "change_message": ""}}, {"model": "admin.logentry", "pk": 40, "fields": {"action_time": "2019-08-28T09:29:02.285Z", "user": 8, "content_type": 11, "object_id": "24", "object_repr": "Brian Hp laptop(1)", "action_flag": 3, "change_message": ""}}, {"model": "shoppy.product", "pk": 1, "fields": {"name": "samsung A10 black Series", "unit_cost": 2222.0, "product_brand": 1, "short_description": "This is a testproduct", "long_description": "<ul>\r\n\t<li><strong>This is a testproduct</strong></li>\r\n\t<li><strong>This is a testproduct</strong></li>\r\n\t<li>This is a testproduct</li>\r\n\t<li>This is a testproduct</li>\r\n\t<li>This is a testproduct</li>\r\n</ul>", "featured_url": "product_images/infinix-note-5-photo.jpg", "status": "FEATURED", "seller": 4, "created_at": "2019-07-24T12:44:59.102Z", "updated_at": "2019-07-24T12:44:59.103Z"}}, {"model": "shoppy.product", "pk": 2, "fields": {"name": "infinix note 5 stylus black", "unit_cost": 2122.0, "product_brand": 1, "short_description": "dlkvbdfk cldskcnaeriovcedaw", "long_description": "<p>dlkvbdfk cldskcnaeriovcedawdlkvbdfk cldskcnaeriovcedawdlkvbdfk cldskcnaeriovcedawdlkvbdfk cldskcnaeriovcedawdlkvbdfk cldskcnaeriovcedawdlkvbdfk cldskcnaeriovcedawdlkvbdfk cldskcnaeriovcedawdlkvbdfk cldskcnaeriovcedawdlkvbdfk cldskcnaeriovcedawdlkvbdfk cldskcnaeriovcedawdlkvbdfk cldskcnaeriovcedawdlkvbdfk cldskcnaeriovcedawdlkvbdfk cldskcnaeriovcedawdlkvbdfk cldskcnaeriovcedaw</p>", "featured_url": "product_images/IMG_6390-e1529867502667.jpg", "status": "FEATURED", "seller": 5, "created_at": "2019-07-24T12:45:55.192Z", "updated_at": "2019-07-24T12:45:55.193Z"}}, {"model": "shoppy.product", "pk": 3, "fields": {"name": "toyota mark II", "unit_cost": 333333333333.0, "product_brand": 2, "short_description": "sdfgfffffffdtsgregr", "long_description": "<p>eewrereerwerew</p>", "featured_url": "product_images/1024px-2009_Toyota_Mark-X_05.jpg", "status": "FEATURED", "seller": 5, "created_at": "2019-07-25T10:34:43.708Z", "updated_at": "2019-07-25T10:34:43.708Z"}}, {"model": "shoppy.product", "pk": 5, "fields": {"name": "Mercedes G-Wagon", "unit_cost": 23456.0, "product_brand": 1, "short_description": "hfghfdxbrdf", "long_description": "<p>fbcvbfdxdvbdfv</p>", "featured_url": "product_images/BG017821_1.jpg", "status": "NORMAL", "seller": 5, "created_at": "2019-07-25T10:40:47.108Z", "updated_at": "2019-07-25T10:40:47.108Z"}}, {"model": "shoppy.product", "pk": 6, "fields": {"name": "BMW X5", "unit_cost": 23456.0, "product_brand": 3, "short_description": "v cghfxfgdthdtrdf", "long_description": "<p>ghmryfydthgsdfxzcg</p>", "featured_url": "product_images/BG115769_1.jpg", "status": "FEATURED", "seller": 5, "created_at": "2019-07-25T10:42:27.964Z", "updated_at": "2019-07-25T10:42:27.964Z"}}, {"model": "shoppy.product", "pk": 7, "fields": {"name": "Mercedes C", "unit_cost": 234567.0, "product_brand": 1, "short_description": "dfgvhhbgdfxrf", "long_description": "<p>erstdfyghjgfdfcv</p>", "featured_url": "product_images/BG101981_7.jpg", "status": "NORMAL", "seller": 5, "created_at": "2019-07-25T10:46:40.371Z", "updated_at": "2019-07-25T10:46:40.371Z"}}, {"model": "shoppy.product", "pk": 9, "fields": {"name": "KIA", "unit_cost": 34543.0, "product_brand": 2, "short_description": "this is atest poroduct", "long_description": "<p>this is atest poroduct</p>", "featured_url": "product_images/BG101981_4.jpg", "status": "NORMAL", "seller": 5, "created_at": "2019-07-25T19:48:21.289Z", "updated_at": "2019-07-25T19:48:21.289Z"}}, {"model": "shoppy.product", "pk": 11, "fields": {"name": "skfnksad", "unit_cost": 1232.0, "product_brand": 6, "short_description": "xcvdxvcvdsxzc", "long_description": "<p>xdzxvcxzcvdszxcvdvds</p>", "featured_url": "product_images/FB_IMG_1491492574608_ccr3Qi8.jpg", "status": "NORMAL", "seller": 4, "created_at": "2019-07-29T07:42:40.163Z", "updated_at": "2019-07-29T07:42:40.163Z"}}, {"model": "shoppy.product", "pk": 19, "fields": {"name": "samsung", "unit_cost": 345.0, "product_brand": 6, "short_description": "vx vcx", "long_description": "<p>vbcx bvcxgcvdfxcv</p>", "featured_url": "product_images/FB_IMG_1491546974756_FrAzNwC.jpg", "status": "FEATURED", "seller": 4, "created_at": "2019-07-29T08:04:26.190Z", "updated_at": "2019-07-29T08:04:26.190Z"}}, {"model": "shoppy.product", "pk": 23, "fields": {"name": "kkkk", "unit_cost": 2345.0, "product_brand": 2, "short_description": ",nvadskvada", "long_description": "<p>,mfnvszdn vsa</p>", "featured_url": "product_images/csm_MG_0883_b82a366650.jpg", "status": "NORMAL", "seller": 5, "created_at": "2019-08-06T07:58:05.104Z", "updated_at": "2019-08-06T07:58:05.104Z"}}, {"model": "shoppy.product", "pk": 24, "fields": {"name": "kkkk", "unit_cost": 2345.0, "product_brand": 2, "short_description": ",nvadskvada", "long_description": "<p>,mfnvszdn vsa</p>", "featured_url": "product_images/csm_MG_0883_b82a366650_2IkEj9z.jpg", "status": "NORMAL", "seller": 5, "created_at": "2019-08-06T07:59:10.062Z", "updated_at": "2019-08-06T07:59:10.062Z"}}, {"model": "shoppy.product", "pk": 27, "fields": {"name": "dkndsklzc", "unit_cost": 3456.0, "product_brand": 1, "short_description": "some little description", "long_description": "<p>some little descriptionsome little descriptionsome little descriptionsome little descriptionsome little descriptionsome little descriptionsome little descriptionsome little descriptionsome little descriptionsome little descriptionsome little descriptionsome little description</p>", "featured_url": "product_images/17634768_1315332418522555_959338106379794167_n_K6QDgZ5.jpg", "status": "NORMAL", "seller": 4, "created_at": "2019-08-06T11:54:20.354Z", "updated_at": "2019-08-06T11:54:20.354Z"}}, {"model": "shoppy.product", "pk": 28, "fields": {"name": "segdavdzsx", "unit_cost": 7654.0, "product_brand": 1, "short_description": "d;lkvndzsv", "long_description": "<p>kjcxvzds</p>", "featured_url": "product_images/FB_IMG_1495172341872.jpg", "status": "NORMAL", "seller": 4, "created_at": "2019-08-06T11:56:25.680Z", "updated_at": "2019-08-06T11:56:25.680Z"}}, {"model": "shoppy.product", "pk": 29, "fields": {"name": "segdavdzsx", "unit_cost": 7654.0, "product_brand": 1, "short_description": "d;lkvndzsv", "long_description": "<p>kjcxvzds</p>", "featured_url": "product_images/FB_IMG_1495172341872_8W1Jjfe.jpg", "status": "NORMAL", "seller": 4, "created_at": "2019-08-06T11:58:19.113Z", "updated_at": "2019-08-06T11:58:19.113Z"}}, {"model": "shoppy.product", "pk": 30, "fields": {"name": "klcnds", "unit_cost": 78342.0, "product_brand": 1, "short_description": "kldjhewkafdjkbkj", "long_description": "<p>,bjdsikcbszd</p>", "featured_url": "product_images/FB_IMG_1494113285190.jpg", "status": "NORMAL", "seller": 5, "created_at": "2019-08-06T12:01:19.096Z", "updated_at": "2019-08-06T12:01:19.097Z"}}, {"model": "shoppy.product", "pk": 31, "fields": {"name": "klcnds", "unit_cost": 78342.0, "product_brand": 1, "short_description": "kldjhewkafdjkbkj", "long_description": "<p>,bjdsikcbszd</p>", "featured_url": "product_images/FB_IMG_1494113285190_DVaRtOk.jpg", "status": "NORMAL", "seller": 5, "created_at": "2019-08-06T12:01:54.798Z", "updated_at": "2019-08-06T12:01:54.799Z"}}, {"model": "shoppy.product", "pk": 32, "fields": {"name": "eugene", "unit_cost": 9877.0, "product_brand": 1, "short_description": "jhjvk", "long_description": "<p>hjvvvvvvvvvvvvv</p>", "featured_url": "product_images/FB_IMG_1494112937238.jpg", "status": "NORMAL", "seller": 4, "created_at": "2019-08-06T12:22:23.390Z", "updated_at": "2019-08-06T12:22:23.390Z"}}, {"model": "shoppy.product", "pk": 33, "fields": {"name": "redlight", "unit_cost": 444444444.0, "product_brand": 2, "short_description": "rtttttttttttttt", "long_description": "<p>gfdbrfdscx&nbsp;</p>", "featured_url": "product_images/FB_IMG_1497859833543.jpg", "status": "NORMAL", "seller": 4, "created_at": "2019-08-06T12:56:51.094Z", "updated_at": "2019-08-06T12:56:51.095Z"}}, {"model": "shoppy.product", "pk": 34, "fields": {"name": "Electronics", "unit_cost": 3433.0, "product_brand": 3, "short_description": "This is a testproduct", "long_description": "<p>This is a testproductThis is a testproductThis is a testproductThis is a testproductThis is a testproductThis is a testproductThis is a testproductThis is a testproductThis is a testproductThis is a testproductThis is a testproductThis is a testproductThis is a testproductThis is a testproductThis is a testproductThis is a testproductThis is a testproductThis is a testproductThis is a testproductThis is a testproductThis is a testproductThis is a testproductThis is a testproductThis is a testproductThis is a testproductThis is a testproductThis is a testproductThis is a testproductThis is a testproductThis is a testproductThis is a testproductThis is a testproductThis is a testproductThis is a testproductThis is a testproductThis is a testproductThis is a testproductThis is a testproductThis is a testproductThis is a testproductThis is a testproductThis is a testproductThis is a testproductThis is a testproductThis is a testproductThis is a testproductThis is a testproductThis is a testproductThis is a testproductThis is a testproductThis is a testproductThis is a testproductThis is a testproductThis is a testproductThis is a testproductThis is a testproduct</p>", "featured_url": "product_images/FB_IMG_1497859833543_K1MKzmy.jpg", "status": "NORMAL", "seller": 4, "created_at": "2019-08-06T13:26:26.652Z", "updated_at": "2019-08-06T13:26:26.652Z"}}, {"model": "shoppy.product", "pk": 35, "fields": {"name": "Electronics", "unit_cost": 3433.0, "product_brand": 3, "short_description": "This is a testproduct", "long_description": "<p>This is a testproductThis is a testproductThis is a testproductThis is a testproductThis is a testproductThis is a testproductThis is a testproductThis is a testproductThis is a testproductThis is a testproductThis is a testproductThis is a testproductThis is a testproductThis is a testproductThis is a testproductThis is a testproductThis is a testproductThis is a testproductThis is a testproductThis is a testproductThis is a testproductThis is a testproductThis is a testproductThis is a testproductThis is a testproductThis is a testproductThis is a testproductThis is a testproductThis is a testproductThis is a testproductThis is a testproductThis is a testproductThis is a testproductThis is a testproductThis is a testproductThis is a testproductThis is a testproductThis is a testproductThis is a testproductThis is a testproductThis is a testproductThis is a testproductThis is a testproductThis is a testproductThis is a testproductThis is a testproductThis is a testproductThis is a testproductThis is a testproductThis is a testproductThis is a testproductThis is a testproductThis is a testproductThis is a testproductThis is a testproductThis is a testproduct</p>", "featured_url": "product_images/FB_IMG_1497859833543_zWlz7wO.jpg", "status": "NORMAL", "seller": 4, "created_at": "2019-08-06T17:00:41.267Z", "updated_at": "2019-08-06T17:00:41.267Z"}}, {"model": "shoppy.product", "pk": 36, "fields": {"name": "Electronics", "unit_cost": 3433.0, "product_brand": 3, "short_description": "This is a testproduct", "long_description": "<p>This is a testproductThis is a testproductThis is a testproductThis is a testproductThis is a testproductThis is a testproductThis is a testproductThis is a testproductThis is a testproductThis is a testproductThis is a testproductThis is a testproductThis is a testproductThis is a testproductThis is a testproductThis is a testproductThis is a testproductThis is a testproductThis is a testproductThis is a testproductThis is a testproductThis is a testproductThis is a testproductThis is a testproductThis is a testproductThis is a testproductThis is a testproductThis is a testproductThis is a testproductThis is a testproductThis is a testproductThis is a testproductThis is a testproductThis is a testproductThis is a testproductThis is a testproductThis is a testproductThis is a testproductThis is a testproductThis is a testproductThis is a testproductThis is a testproductThis is a testproductThis is a testproductThis is a testproductThis is a testproductThis is a testproductThis is a testproductThis is a testproductThis is a testproductThis is a testproductThis is a testproductThis is a testproductThis is a testproductThis is a testproductThis is a testproduct</p>", "featured_url": "product_images/FB_IMG_1497859833543_QC99SLH.jpg", "status": "FEATURED", "seller": 4, "created_at": "2019-08-06T17:01:31.948Z", "updated_at": "2019-08-06T17:01:31.948Z"}}, {"model": "shoppy.product", "pk": 37, "fields": {"name": "Electronics", "unit_cost": 3433.0, "product_brand": 3, "short_description": "This is a testproduct", "long_description": "<p>This is a testproductThis is a testproductThis is a testproductThis is a testproductThis is a testproductThis is a testproductThis is a testproductThis is a testproductThis is a testproductThis is a testproductThis is a testproductThis is a testproductThis is a testproductThis is a testproductThis is a testproductThis is a testproductThis is a testproductThis is a testproductThis is a testproductThis is a testproductThis is a testproductThis is a testproductThis is a testproductThis is a testproductThis is a testproductThis is a testproductThis is a testproductThis is a testproductThis is a testproductThis is a testproductThis is a testproductThis is a testproductThis is a testproductThis is a testproductThis is a testproductThis is a testproductThis is a testproductThis is a testproductThis is a testproductThis is a testproductThis is a testproductThis is a testproductThis is a testproductThis is a testproductThis is a testproductThis is a testproductThis is a testproductThis is a testproductThis is a testproductThis is a testproductThis is a testproductThis is a testproductThis is a testproductThis is a testproductThis is a testproductThis is a testproduct</p>", "featured_url": "product_images/FB_IMG_1497859833543_cXd0GLx.jpg", "status": "NORMAL", "seller": 4, "created_at": "2019-08-06T17:02:01.398Z", "updated_at": "2019-08-06T17:02:01.398Z"}}, {"model": "shoppy.product", "pk": 38, "fields": {"name": "lfnaekjwdsvnlknv", "unit_cost": 2343.0, "product_brand": 2, "short_description": "This is a testproduct", "long_description": "<p>This is a testproduct</p>", "featured_url": "product_images/FB_IMG_1492901742243.jpg", "status": "NORMAL", "seller": 5, "created_at": "2019-08-06T19:52:23.233Z", "updated_at": "2019-08-06T19:52:23.233Z"}}, {"model": "shoppy.product", "pk": 39, "fields": {"name": "lfnaekjwdsvnlknv", "unit_cost": 2343.0, "product_brand": 2, "short_description": "This is a testproduct", "long_description": "<p>This is a testproduct</p>", "featured_url": "product_images/FB_IMG_1492901742243_DpWV3Sa.jpg", "status": "FEATURED", "seller": 5, "created_at": "2019-08-06T19:53:38.796Z", "updated_at": "2019-08-06T19:53:38.796Z"}}, {"model": "shoppy.product", "pk": 40, "fields": {"name": "Test Product for multiple images", "unit_cost": 1232.0, "product_brand": 2, "short_description": "Test Product for multiple imagesTest Product for multiple imagesTest Product for multiple images", "long_description": "<p>Test Product for multiple imagesTest Product for multiple imagesTest Product for multiple imagesTest Product for multiple images</p>", "featured_url": "product_images/FB_IMG_1501184419884.jpg", "status": "FEATURED", "seller": 5, "created_at": "2019-08-06T20:11:00.891Z", "updated_at": "2019-08-06T20:11:00.891Z"}}, {"model": "shoppy.product", "pk": 41, "fields": {"name": "My Product", "unit_cost": 20000.0, "product_brand": 3, "short_description": "Short description of product", "long_description": "<p>This is a long desctiption of my product.</p>", "featured_url": "product_images/17634768_1315332418522555_959338106379794167_n_h4ViOK3.jpg", "status": "NORMAL", "seller": 5, "created_at": "2019-08-07T09:23:27.256Z", "updated_at": "2019-08-07T09:23:27.256Z"}}, {"model": "shoppy.product", "pk": 42, "fields": {"name": "THis is product", "unit_cost": 2333.0, "product_brand": 2, "short_description": "THis is productTHis is productTHis is productTHis is product", "long_description": "<p>THis is productTHis is productTHis is productTHis is productTHis is product</p>", "featured_url": "product_images/FB_IMG_1493329550816.jpg", "status": "FEATURED", "seller": 4, "created_at": "2019-08-07T09:33:01.058Z", "updated_at": "2019-08-07T09:33:01.058Z"}}, {"model": "shoppy.product", "pk": 43, "fields": {"name": "THis is product", "unit_cost": 2333.0, "product_brand": 2, "short_description": "THis is productTHis is productTHis is productTHis is product", "long_description": "<p>THis is productTHis is productTHis is productTHis is productTHis is product</p>", "featured_url": "product_images/FB_IMG_1493329550816_MopBgRy.jpg", "status": "NORMAL", "seller": 4, "created_at": "2019-08-07T09:36:20.971Z", "updated_at": "2019-08-07T09:36:20.972Z"}}, {"model": "shoppy.product", "pk": 44, "fields": {"name": "THis is product", "unit_cost": 98437543.0, "product_brand": 1, "short_description": "THis is productTHis is product", "long_description": "<p>THis is productTHis is productTHis is productTHis is product</p>", "featured_url": "product_images/FB_IMG_1493329550816_dxZd0kG.jpg", "status": "NORMAL", "seller": 5, "created_at": "2019-08-07T09:37:54.157Z", "updated_at": "2019-08-07T09:37:54.157Z"}}, {"model": "shoppy.product", "pk": 45, "fields": {"name": "variant_options", "unit_cost": 23244.0, "product_brand": 2, "short_description": "This is a testproduct", "long_description": "<p>This is a testproductThis is a testproductThis is a testproductThis is a testproductThis is a testproductThis is a testproduct</p>", "featured_url": "product_images/FB_IMG_1493329550816_ir1001t.jpg", "status": "NORMAL", "seller": 4, "created_at": "2019-08-07T09:42:12.232Z", "updated_at": "2019-08-07T09:42:12.232Z"}}, {"model": "shoppy.product", "pk": 46, "fields": {"name": "variant_options", "unit_cost": 23244.0, "product_brand": 2, "short_description": "This is a testproduct", "long_description": "<p>This is a testproductThis is a testproductThis is a testproductThis is a testproductThis is a testproductThis is a testproduct</p>", "featured_url": "product_images/FB_IMG_1493329550816_AtX5vDM.jpg", "status": "NORMAL", "seller": 4, "created_at": "2019-08-07T09:56:02.956Z", "updated_at": "2019-08-07T09:56:02.956Z"}}, {"model": "shoppy.product", "pk": 47, "fields": {"name": "This is a testproductThis is a testproductThis is a testproduct", "unit_cost": 1232.0, "product_brand": 2, "short_description": "This is a testproduct", "long_description": "<p>This is a testproductThis is a testproductThis is a testproductThis is a testproductThis is a testproductThis is a testproductThis is a testproduct</p>", "featured_url": "product_images/FB_IMG_1490942167510.jpg", "status": "NORMAL", "seller": 5, "created_at": "2019-08-07T09:58:19.014Z", "updated_at": "2019-08-07T09:58:19.015Z"}}, {"model": "shoppy.product", "pk": 48, "fields": {"name": "Test Product for multiple images", "unit_cost": 1232.0, "product_brand": 1, "short_description": "Test Product for multiple images", "long_description": "<p>Test Product for multiple imagesTest Product for multiple imagesTest Product for multiple imagesTest Product for multiple imagesTest Product for multiple imagesTest Product for multiple imagesTest Product for multiple images</p>", "featured_url": "product_images/FB_IMG_1499261176751.jpg", "status": "FEATURED", "seller": 4, "created_at": "2019-08-07T10:45:31.594Z", "updated_at": "2019-08-07T10:45:31.594Z"}}, {"model": "shoppy.product", "pk": 49, "fields": {"name": "Test Product for multiple images", "unit_cost": 2345.0, "product_brand": 1, "short_description": "Test Product for multiple images", "long_description": "<p>Test Product for multiple imagesTest Product for multiple imagesTest Product for multiple imagesTest Product for multiple imagesTest Product for multiple imagesTest Product for multiple imagesTest Product for multiple imagesTest Product for multiple imagesTest Product for multiple imagesTest Product for multiple imagesTest Product for multiple imagesTest Product for multiple images</p>", "featured_url": "product_images/FB_IMG_1495172346709.jpg", "status": "NORMAL", "seller": 5, "created_at": "2019-08-07T10:48:04.613Z", "updated_at": "2019-08-07T10:48:04.613Z"}}, {"model": "shoppy.product", "pk": 50, "fields": {"name": "Test Product for multiple images", "unit_cost": 2345.0, "product_brand": 1, "short_description": "Test Product for multiple images", "long_description": "<p>Test Product for multiple imagesTest Product for multiple imagesTest Product for multiple imagesTest Product for multiple imagesTest Product for multiple imagesTest Product for multiple imagesTest Product for multiple imagesTest Product for multiple imagesTest Product for multiple imagesTest Product for multiple imagesTest Product for multiple imagesTest Product for multiple images</p>", "featured_url": "product_images/FB_IMG_1495172346709_5m1OyhP.jpg", "status": "NORMAL", "seller": 5, "created_at": "2019-08-07T10:57:55.106Z", "updated_at": "2019-08-07T10:57:55.106Z"}}, {"model": "shoppy.product", "pk": 51, "fields": {"name": "THis is product", "unit_cost": 32342.0, "product_brand": 1, "short_description": "THis is productTHis is product", "long_description": "<p>THis is productTHis is productTHis is productTHis is productTHis is productTHis is productTHis is productTHis is productTHis is product</p>", "featured_url": "product_images/FB_IMG_1502465607478.jpg", "status": "NORMAL", "seller": 4, "created_at": "2019-08-07T11:49:03.362Z", "updated_at": "2019-08-07T11:49:03.362Z"}}, {"model": "shoppy.product", "pk": 52, "fields": {"name": "Nokia", "unit_cost": 32344.0, "product_brand": 4, "short_description": "This is a testproduct", "long_description": "<p>This is a testproductThis is a testproductThis is a testproductThis is a testproductThis is a testproductThis is a testproductThis is a testproductThis is a testproductThis is a testproductThis is a testproductThis is a testproductThis is a testproductThis is a testproductThis is a testproductThis is a testproductThis is a testproduct</p>", "featured_url": "product_images/FB_IMG_1492123101267_-_Copy.jpg", "status": "NORMAL", "seller": 5, "created_at": "2019-08-08T06:58:28.181Z", "updated_at": "2019-08-08T06:58:28.183Z"}}, {"model": "shoppy.product", "pk": 53, "fields": {"name": "Nokia", "unit_cost": 32344.0, "product_brand": 4, "short_description": "This is a testproduct", "long_description": "<p>This is a testproductThis is a testproductThis is a testproductThis is a testproductThis is a testproductThis is a testproductThis is a testproductThis is a testproductThis is a testproductThis is a testproductThis is a testproductThis is a testproductThis is a testproductThis is a testproductThis is a testproductThis is a testproduct</p>", "featured_url": "product_images/FB_IMG_1492123101267_-_Copy_FGo77X0.jpg", "status": "NORMAL", "seller": 5, "created_at": "2019-08-08T06:59:36.688Z", "updated_at": "2019-08-08T06:59:36.688Z"}}, {"model": "shoppy.product", "pk": 54, "fields": {"name": "Umbrella", "unit_cost": 555.0, "product_brand": 1, "short_description": "This is a testproduct", "long_description": "<p>Blablabla</p>", "featured_url": "product_images/banner_it.jpg", "status": "NORMAL", "seller": 4, "created_at": "2019-08-20T07:32:11.492Z", "updated_at": "2019-08-20T07:32:11.492Z"}}, {"model": "shoppy.product", "pk": 55, "fields": {"name": "Samsung Galaxy A50 - 128GB Rom", "unit_cost": 25887.0, "product_brand": 1, "short_description": "Hardware. The Samsung Galaxy A50 has a 6.4\" (2340 x 1080 (FHD+)) Super AMOLED edge-to-edge screen. It is powered by a Octa-core, 2300 MHz, ARM Cortex-A73 and ARM Cortex-A53, 64-bit, 10 nm CPU and a Mali-G72 MP3 GPU. It comes with 4GB RAM and 64GB internal storage, which can be expanded via MicroSD card, up to 512GB", "long_description": "<ul>\r\n\t<li>Octa-Core 2.3GHz</li>\r\n\t<li>4GB Ram, 128GB Rom</li>\r\n\t<li>6.4&quot; FullHD Display</li>\r\n\t<li>Under Display Finger Print</li>\r\n\t<li>Triple Back Camera 25MP+8MP+5MP</li>\r\n\t<li>25MP Front Camera</li>\r\n\t<li>4000mAh Batter</li>\r\n\t<li>SA948EL080HR9NAFAMZ</li>\r\n\t<li>Weight (kg)</li>\r\n\t<li>0.5</li>\r\n\t<li>Main material</li>\r\n\t<li>-</li>\r\n\t<li>Display Size (in)</li>\r\n\t<li>6.4</li>\r\n\t<li>RAM</li>\r\n\t<li>4</li>\r\n\t<li>Memory Size (GB)</li>\r\n\t<li>128</li>\r\n\t<li>Processor</li>\r\n\t<li>ARM</li>\r\n\t<li>Camera</li>\r\n\t<li>25.0</li>\r\n\t<li>Operating System</li>\r\n\t<li>Android</li>\r\n\t<li>Compatible Phones</li>\r\n\t<li>Samsung</li>\r\n\t<li>Product warranty</li>\r\n\t<li>24 Months Service Center Warranty</li>\r\n\t<li>Connectivity</li>\r\n\t<li>2G,3G,4G</li>\r\n\t<li>Screen Technology</li>\r\n\t<li>sAMOLED</li>\r\n</ul>", "featured_url": "product_images/4.jpg", "status": "NORMAL", "seller": 4, "created_at": "2019-08-20T07:56:31.639Z", "updated_at": "2019-08-20T07:56:31.639Z"}}, {"model": "shoppy.product", "pk": 56, "fields": {"name": "Samsung Galaxy A50 - 128GB Rom", "unit_cost": 25887.0, "product_brand": 1, "short_description": "Hardware. The Samsung Galaxy A50 has a 6.4\" (2340 x 1080 (FHD+)) Super AMOLED edge-to-edge screen. It is powered by a Octa-core, 2300 MHz, ARM Cortex-A73 and ARM Cortex-A53, 64-bit, 10 nm CPU and a Mali-G72 MP3 GPU. It comes with 4GB RAM and 64GB internal storage, which can be expanded via MicroSD card, up to 512GB", "long_description": "<ul>\r\n\t<li>Octa-Core 2.3GHz</li>\r\n\t<li>4GB Ram, 128GB Rom</li>\r\n\t<li>6.4&quot; FullHD Display</li>\r\n\t<li>Under Display Finger Print</li>\r\n\t<li>Triple Back Camera 25MP+8MP+5MP</li>\r\n\t<li>25MP Front Camera</li>\r\n\t<li>4000mAh Batter</li>\r\n\t<li>SA948EL080HR9NAFAMZ</li>\r\n\t<li>Weight (kg)</li>\r\n\t<li>0.5</li>\r\n\t<li>Main material</li>\r\n\t<li>-</li>\r\n\t<li>Display Size (in)</li>\r\n\t<li>6.4</li>\r\n\t<li>RAM</li>\r\n\t<li>4</li>\r\n\t<li>Memory Size (GB)</li>\r\n\t<li>128</li>\r\n\t<li>Processor</li>\r\n\t<li>ARM</li>\r\n\t<li>Camera</li>\r\n\t<li>25.0</li>\r\n\t<li>Operating System</li>\r\n\t<li>Android</li>\r\n\t<li>Compatible Phones</li>\r\n\t<li>Samsung</li>\r\n\t<li>Product warranty</li>\r\n\t<li>24 Months Service Center Warranty</li>\r\n\t<li>Connectivity</li>\r\n\t<li>2G,3G,4G</li>\r\n\t<li>Screen Technology</li>\r\n\t<li>sAMOLED</li>\r\n</ul>", "featured_url": "product_images/4_BBz0T81.jpg", "status": "NORMAL", "seller": 4, "created_at": "2019-08-20T07:57:57.992Z", "updated_at": "2019-08-20T07:57:57.992Z"}}, {"model": "shoppy.product", "pk": 57, "fields": {"name": "Hitman Suit", "unit_cost": 7000.0, "product_brand": 6, "short_description": "A hitman suit for both official occasions, dinners and talks.", "long_description": "A hitman suit for both official occasions, dinners and talks.A hitman suit for both official occasions, dinners and talks.A hitman suit for both official occasions, dinners and talks.A hitman suit for both official occasions, dinners and talks.A hitman suit for both official occasions, dinners and talks.A hitman suit for both official occasions, dinners and talks.", "featured_url": "product_images/Hitman.png", "status": "NORMAL", "seller": 4, "created_at": "2019-08-20T15:31:31.452Z", "updated_at": "2019-08-22T07:04:39.285Z"}}, {"model": "shoppy.product", "pk": 58, "fields": {"name": "Ironman Suit", "unit_cost": 50000.0, "product_brand": 6, "short_description": "Full body iron man suit with Jetpacks and Hand blasters.", "long_description": "Full body iron man suit with Jetpacks and Hand blasters.Full body iron man suit with Jetpacks and Hand blasters.Full body iron man suit with Jetpacks and Hand blasters.Full body iron man suit with Jetpacks and Hand blasters.Full body iron man suit with Jetpacks and Hand blasters.Full body iron man suit with Jetpacks and Hand blasters.Full body iron man suit with Jetpacks and Hand blasters.", "featured_url": "product_images/Ironman.jpg", "status": "NORMAL", "seller": 5, "created_at": "2019-08-20T15:36:19.429Z", "updated_at": "2019-08-22T07:04:10.470Z"}}, {"model": "shoppy.product", "pk": 59, "fields": {"name": "Blue Aquarium", "unit_cost": 70000.0, "product_brand": 1, "short_description": "A blue aquarium with mixed breed fish for internal decoration.", "long_description": "A blue aquarium with mixed breed fish for internal decoration.A blue aquarium with mixed breed fish for internal decoration.A blue aquarium with mixed breed fish for internal decoration.A blue aquarium with mixed breed fish for internal decoration.A blue aquarium with mixed breed fish for internal decoration.A blue aquarium with mixed breed fish for internal decoration.A blue aquarium with mixed breed fish for internal decoration.", "featured_url": "product_images/Aquarium.jpg", "status": "NORMAL", "seller": 5, "created_at": "2019-08-20T15:40:14.626Z", "updated_at": "2019-08-20T15:40:14.626Z"}}, {"model": "shoppy.product", "pk": 60, "fields": {"name": "Vases", "unit_cost": 4000.0, "product_brand": 3, "short_description": "Vases to make your house look good.", "long_description": "Vases to make your house look good.Vases to make your house look good.Vases to make your house look good.Vases to make your house look good.Vases to make your house look good.Vases to make your house look good.Vases to make your house look good.Vases to make your house look good.Vases to make your house look good.Vases to make your house look good.Vases to make your house look good.", "featured_url": "product_images/2018_au_fall_home-decor-tile.jpg", "status": "NORMAL", "seller": 4, "created_at": "2019-08-21T10:02:24.081Z", "updated_at": "2019-08-26T12:26:18.491Z"}}, {"model": "shoppy.product", "pk": 61, "fields": {"name": "Bed And Duvet", "unit_cost": 20000.0, "product_brand": 6, "short_description": "This is a perfect combination of comfortable and classy 6 by 6 bed with duvet and bed sheets.", "long_description": "This is a perfect combination of comfortable and classy 6 by 6 bed with duvet and bed sheets.This is a perfect combination of comfortable and classy 6 by 6 bed with duvet and bed sheets.This is a perfect combination of comfortable and classy 6 by 6 bed with duvet and bed sheets.This is a perfect combination of comfortable and classy 6 by 6 bed with duvet and bed sheets.This is a perfect combination of comfortable and classy 6 by 6 bed with duvet and bed sheets.This is a perfect combination of comfortable and classy 6 by 6 bed with duvet and bed sheets.", "featured_url": "product_images/index8.jpg", "status": "NORMAL", "seller": 4, "created_at": "2019-08-23T11:11:07.562Z", "updated_at": "2019-08-23T11:11:07.562Z"}}, {"model": "shoppy.product", "pk": 62, "fields": {"name": "Interior Wallpaper, 5 Metres", "unit_cost": 20000.0, "product_brand": 4, "short_description": "Real looking wallpaper to make your interior decoration look classy and amazing!!", "long_description": "Real looking wallpaper to make your interior decoration look classy and amazing!!Real looking wallpaper to make your interior decoration look classy and amazing!!Real looking wallpaper to make your interior decoration look classy and amazing!!Real looking wallpaper to make your interior decoration look classy and amazing!!Real looking wallpaper to make your interior decoration look classy and amazing!!Real looking wallpaper to make your interior decoration look classy and amazing!!Real looking wallpaper to make your interior decoration look classy and amazing!!", "featured_url": "product_images/wallpaper2.jpg", "status": "NORMAL", "seller": 4, "created_at": "2019-08-23T11:13:09.500Z", "updated_at": "2019-08-23T11:13:09.500Z"}}, {"model": "shoppy.product", "pk": 63, "fields": {"name": "Yamaha Drumset", "unit_cost": 50000.0, "product_brand": 1, "short_description": "3 piece Yamaha drum set with glossy decoration.", "long_description": "3 piece Yamaha drum set with glossy decoration.3 piece Yamaha drum set with glossy decoration.3 piece Yamaha drum set with glossy decoration.3 piece Yamaha drum set with glossy decoration.3 piece Yamaha drum set with glossy decoration.3 piece Yamaha drum set with glossy decoration.", "featured_url": "product_images/Drums.jpg", "status": "NORMAL", "seller": 5, "created_at": "2019-08-23T11:15:55.678Z", "updated_at": "2019-08-23T11:15:55.678Z"}}, {"model": "shoppy.product", "pk": 64, "fields": {"name": "Electric Guitar, Yamaha", "unit_cost": 70000.0, "product_brand": 3, "short_description": "6 string electric guitar with jack to jack cable.", "long_description": "6 string electric guitar with jack to jack cable.6 string electric guitar with jack to jack cable.6 string electric guitar with jack to jack cable.6 string electric guitar with jack to jack cable.6 string electric guitar with jack to jack cable.6 string electric guitar with jack to jack cable.6 string electric guitar with jack to jack cable.6 string electric guitar with jack to jack cable.6 string electric guitar with jack to jack cable.6 string electric guitar with jack to jack cable.", "featured_url": "product_images/Electric-Guitar.jpg", "status": "NORMAL", "seller": 5, "created_at": "2019-08-23T11:17:26.922Z", "updated_at": "2019-08-23T11:17:26.922Z"}}, {"model": "shoppy.product", "pk": 68, "fields": {"name": "Hp laptop", "unit_cost": 30000.0, "product_brand": 1, "short_description": "Hp laptop with good specs.", "long_description": "Hp laptop with good specs.Hp laptop with good specs.Hp laptop with good specs.Hp laptop with good specs.Hp laptop with good specs.Hp laptop with good specs.Hp laptop with good specs.Hp laptop with good specs.Hp laptop with good specs.Hp laptop with good specs.Hp laptop with good specs.Hp laptop with good specs.Hp laptop with good specs.", "featured_url": "product_images/Hp.jpg", "status": "NORMAL", "seller": 4, "created_at": "2019-08-28T07:20:59.234Z", "updated_at": "2019-08-28T07:20:59.235Z"}}, {"model": "shoppy.product", "pk": 69, "fields": {"name": "Toshiba laptop", "unit_cost": 32000.0, "product_brand": 1, "short_description": "A full Toshiba laptop with good specs.", "long_description": "A full Toshiba laptop with good specs. A full Toshiba laptop with good specs. A full Toshiba laptop with good specs. A full Toshiba laptop with good specs. A full Toshiba laptop with good specs. A full Toshiba laptop with good specs. A full Toshiba laptop with good specs. A full Toshiba laptop with good specs. A full Toshiba laptop with good specs. A full Toshiba laptop with good specs. A full Toshiba laptop with good specs.", "featured_url": "product_images/toshiba.jpg", "status": "NORMAL", "seller": 4, "created_at": "2019-08-28T07:22:26.782Z", "updated_at": "2019-08-28T07:23:03.200Z"}}, {"model": "shoppy.review", "pk": 14, "fields": {"buyer": 2, "product": 46, "comments": "this is 4 stars", "ratings": 4, "created_at": "2019-08-15T21:00:29.482Z", "updated_at": "2019-08-15T21:00:29.482Z"}}, {"model": "shoppy.review", "pk": 15, "fields": {"buyer": 2, "product": 47, "comments": "i love it", "ratings": 2, "created_at": "2019-08-15T21:04:19.112Z", "updated_at": "2019-08-15T21:04:19.112Z"}}, {"model": "shoppy.review", "pk": 16, "fields": {"buyer": 2, "product": 47, "comments": "i love it too much", "ratings": 4, "created_at": "2019-08-15T21:04:48.436Z", "updated_at": "2019-08-15T21:04:48.436Z"}}, {"model": "shoppy.review", "pk": 17, "fields": {"buyer": 2, "product": 47, "comments": "its bizzare", "ratings": 2, "created_at": "2019-08-16T06:12:45.071Z", "updated_at": "2019-08-16T06:12:45.071Z"}}, {"model": "shoppy.review", "pk": 18, "fields": {"buyer": 2, "product": 47, "comments": "not good\r\n", "ratings": 4, "created_at": "2019-08-16T06:25:37.734Z", "updated_at": "2019-08-16T06:25:37.734Z"}}, {"model": "shoppy.review", "pk": 19, "fields": {"buyer": 2, "product": 47, "comments": "better than ever\r\n", "ratings": 5, "created_at": "2019-08-16T06:29:42.722Z", "updated_at": "2019-08-16T06:29:42.722Z"}}, {"model": "shoppy.review", "pk": 20, "fields": {"buyer": 2, "product": 47, "comments": "djhcgdzc", "ratings": 3, "created_at": "2019-08-16T06:56:14.742Z", "updated_at": "2019-08-16T06:56:14.742Z"}}, {"model": "shoppy.review", "pk": 21, "fields": {"buyer": 2, "product": 47, "comments": "djhcgdzc", "ratings": 3, "created_at": "2019-08-16T07:02:00.030Z", "updated_at": "2019-08-16T07:02:00.030Z"}}, {"model": "shoppy.review", "pk": 22, "fields": {"buyer": 2, "product": 47, "comments": "djhcgdzc", "ratings": 3, "created_at": "2019-08-16T07:03:25.763Z", "updated_at": "2019-08-16T07:03:25.763Z"}}, {"model": "shoppy.review", "pk": 23, "fields": {"buyer": 2, "product": 47, "comments": "gfdgdf", "ratings": 3, "created_at": "2019-08-16T07:04:54.560Z", "updated_at": "2019-08-16T07:04:54.560Z"}}, {"model": "shoppy.review", "pk": 24, "fields": {"buyer": 2, "product": 47, "comments": "yes", "ratings": 5, "created_at": "2019-08-16T07:06:43.020Z", "updated_at": "2019-08-16T07:06:43.020Z"}}, {"model": "shoppy.review", "pk": 25, "fields": {"buyer": 2, "product": 47, "comments": "new", "ratings": 3, "created_at": "2019-08-16T07:09:29.824Z", "updated_at": "2019-08-16T07:09:29.824Z"}}, {"model": "shoppy.review", "pk": 26, "fields": {"buyer": 2, "product": 47, "comments": "new", "ratings": 3, "created_at": "2019-08-16T07:20:52.590Z", "updated_at": "2019-08-16T07:20:52.590Z"}}, {"model": "shoppy.review", "pk": 27, "fields": {"buyer": 2, "product": 47, "comments": "new", "ratings": 3, "created_at": "2019-08-16T07:22:44.006Z", "updated_at": "2019-08-16T07:22:44.006Z"}}, {"model": "shoppy.review", "pk": 28, "fields": {"buyer": 2, "product": 46, "comments": "good", "ratings": 3, "created_at": "2019-08-18T14:48:51.865Z", "updated_at": "2019-08-18T14:48:51.865Z"}}, {"model": "shoppy.review", "pk": 29, "fields": {"buyer": 2, "product": 46, "comments": "", "ratings": 0, "created_at": "2019-08-18T15:06:35.720Z", "updated_at": "2019-08-18T15:06:35.720Z"}}, {"model": "shoppy.review", "pk": 30, "fields": {"buyer": 2, "product": 46, "comments": "tttttt", "ratings": 0, "created_at": "2019-08-18T15:10:49.227Z", "updated_at": "2019-08-18T15:10:49.227Z"}}, {"model": "shoppy.review", "pk": 31, "fields": {"buyer": 2, "product": 46, "comments": "errer", "ratings": 5, "created_at": "2019-08-18T15:11:30.601Z", "updated_at": "2019-08-18T15:11:30.601Z"}}, {"model": "shoppy.review", "pk": 32, "fields": {"buyer": 2, "product": 46, "comments": "better than ever", "ratings": 3, "created_at": "2019-08-18T18:07:44.715Z", "updated_at": "2019-08-18T18:07:44.715Z"}}, {"model": "shoppy.wishlist", "pk": 22, "fields": {"product": 5, "buyer": 2, "created_at": "2019-08-03T19:37:43.331Z", "updated_at": "2019-08-03T19:37:43.331Z"}}, {"model": "shoppy.wishlist", "pk": 23, "fields": {"product": 3, "buyer": 2, "created_at": "2019-08-03T19:42:23.689Z", "updated_at": "2019-08-03T19:42:23.689Z"}}, {"model": "shoppy.wishlist", "pk": 24, "fields": {"product": 2, "buyer": 2, "created_at": "2019-08-08T05:35:36.564Z", "updated_at": "2019-08-08T05:35:36.564Z"}}, {"model": "shoppy.wishlist", "pk": 25, "fields": {"product": 53, "buyer": 2, "created_at": "2019-08-09T10:42:16.434Z", "updated_at": "2019-08-09T10:42:16.434Z"}}, {"model": "shoppy.wishlist", "pk": 35, "fields": {"product": 44, "buyer": 9, "created_at": "2019-08-24T16:42:40.129Z", "updated_at": "2019-08-24T16:42:40.130Z"}}, {"model": "shoppy.wishlist", "pk": 114, "fields": {"product": 68, "buyer": 15, "created_at": "2019-09-03T15:28:28.717Z", "updated_at": "2019-09-03T15:28:28.717Z"}}, {"model": "shoppy.region", "pk": 1, "fields": {"name": "kiamunyi", "seller": 4, "region_cost": 333.0, "created_at": "2019-07-24T16:55:47.860Z", "updated_at": "2019-07-24T16:55:47.860Z"}}, {"model": "shoppy.region", "pk": 2, "fields": {"name": "nakuru", "seller": 4, "region_cost": 768.0, "created_at": "2019-07-24T16:57:25.058Z", "updated_at": "2019-07-24T16:57:25.058Z"}}, {"model": "shoppy.region", "pk": 3, "fields": {"name": "juja", "seller": 5, "region_cost": 666.0, "created_at": "2019-07-24T16:57:47.408Z", "updated_at": "2019-07-24T16:57:47.408Z"}}, {"model": "shoppy.region", "pk": 4, "fields": {"name": "nairobi", "seller": 5, "region_cost": 233.0, "created_at": "2019-07-25T06:18:45.538Z", "updated_at": "2019-07-25T06:18:45.538Z"}}, {"model": "shoppy.region", "pk": 5, "fields": {"name": "kisumus", "seller": 5, "region_cost": 233.0, "created_at": "2019-08-18T08:33:59.249Z", "updated_at": "2019-08-18T08:33:59.249Z"}}, {"model": "shoppy.region", "pk": 6, "fields": {"name": "Turkana", "seller": 4, "region_cost": 1700.0, "created_at": "2019-08-18T09:14:18.404Z", "updated_at": "2019-08-18T09:14:18.404Z"}}, {"model": "shoppy.checkout", "pk": 24, "fields": {"buyer": 2, "region": 3, "phonenumber": "0706833784", "city": "were", "reference_code": "n07xTdysr", "created_at": "2019-08-15T12:32:29.747Z", "updated_at": "2019-08-15T12:32:29.747Z", "status": "VERIFIED"}}, {"model": "shoppy.checkout", "pk": 25, "fields": {"buyer": 9, "region": 3, "phonenumber": "07123456789", "city": "Nairobi", "reference_code": "2u3kouNh0", "created_at": "2019-08-27T09:35:21.237Z", "updated_at": "2019-08-27T09:35:21.238Z", "status": "UNVERIFIED"}}, {"model": "shoppy.checkout", "pk": 26, "fields": {"buyer": 12, "region": 1, "phonenumber": "0707070707", "city": "Nairobi", "reference_code": "WdbwtJeFf", "created_at": "2019-08-29T09:50:28.992Z", "updated_at": "2019-08-29T09:50:28.993Z", "status": "UNVERIFIED"}}, {"model": "shoppy.checkout", "pk": 27, "fields": {"buyer": 12, "region": 1, "phonenumber": "0707070707", "city": "Nairobi", "reference_code": "5bObVkK5I", "created_at": "2019-08-29T09:55:25.452Z", "updated_at": "2019-08-29T09:55:25.452Z", "status": "UNVERIFIED"}}, {"model": "shoppy.checkout", "pk": 28, "fields": {"buyer": 12, "region": 1, "phonenumber": "0707070707", "city": "Nairobi", "reference_code": "e0TLhBdK9", "created_at": "2019-08-29T09:57:44.800Z", "updated_at": "2019-08-29T09:57:44.801Z", "status": "UNVERIFIED"}}, {"model": "shoppy.checkout", "pk": 29, "fields": {"buyer": 12, "region": 1, "phonenumber": "0707070707", "city": "Nairobi", "reference_code": "cgSjQKlcv", "created_at": "2019-08-29T10:01:54.164Z", "updated_at": "2019-08-29T10:01:54.164Z", "status": "UNVERIFIED"}}, {"model": "shoppy.checkout", "pk": 30, "fields": {"buyer": 12, "region": 1, "phonenumber": "0707070707", "city": "Nairobi", "reference_code": "drhXug2fp", "created_at": "2019-08-29T10:03:26.452Z", "updated_at": "2019-08-29T10:03:26.452Z", "status": "UNVERIFIED"}}, {"model": "shoppy.checkout", "pk": 31, "fields": {"buyer": 12, "region": 1, "phonenumber": "0707070707", "city": "Nairobi", "reference_code": "tpvUkzh2F", "created_at": "2019-08-29T11:58:03.667Z", "updated_at": "2019-08-29T11:58:03.667Z", "status": "UNVERIFIED"}}, {"model": "shoppy.checkout", "pk": 32, "fields": {"buyer": 12, "region": 1, "phonenumber": "0707070707", "city": "Nairobi", "reference_code": "jeYbfhdEe", "created_at": "2019-08-29T20:42:41.641Z", "updated_at": "2019-08-29T20:42:41.641Z", "status": "UNVERIFIED"}}, {"model": "shoppy.checkout", "pk": 33, "fields": {"buyer": 12, "region": 1, "phonenumber": "0707070707", "city": "Nairobi", "reference_code": "DJHEvd8ts", "created_at": "2019-08-29T21:06:47.822Z", "updated_at": "2019-08-29T21:06:47.822Z", "status": "UNVERIFIED"}}, {"model": "shoppy.checkout", "pk": 34, "fields": {"buyer": 12, "region": 1, "phonenumber": "0707070707", "city": "Nairobi", "reference_code": "PiLJJDz3C", "created_at": "2019-08-30T06:36:18.469Z", "updated_at": "2019-08-30T06:36:18.469Z", "status": "UNVERIFIED"}}, {"model": "shoppy.checkout", "pk": 35, "fields": {"buyer": 12, "region": 1, "phonenumber": "0707070707", "city": "Nairobi", "reference_code": "TQUC2I0OM", "created_at": "2019-08-30T06:36:26.625Z", "updated_at": "2019-08-30T06:36:26.625Z", "status": "UNVERIFIED"}}, {"model": "shoppy.checkout", "pk": 36, "fields": {"buyer": 12, "region": 1, "phonenumber": "0707070707", "city": "Nairobi", "reference_code": "I6oRXBhup", "created_at": "2019-08-30T06:38:54.962Z", "updated_at": "2019-08-30T06:38:54.962Z", "status": "UNVERIFIED"}}, {"model": "shoppy.checkout", "pk": 37, "fields": {"buyer": 12, "region": 1, "phonenumber": "0707070707", "city": "Nairobi", "reference_code": "rcw6tK46X", "created_at": "2019-08-30T06:43:46.604Z", "updated_at": "2019-08-30T06:43:46.604Z", "status": "UNVERIFIED"}}, {"model": "shoppy.checkout", "pk": 38, "fields": {"buyer": 12, "region": 1, "phonenumber": "0707070707", "city": "Nairobi", "reference_code": "tzFac9Ir8", "created_at": "2019-08-30T06:47:31.567Z", "updated_at": "2019-08-30T06:47:31.567Z", "status": "UNVERIFIED"}}, {"model": "shoppy.checkout", "pk": 39, "fields": {"buyer": 12, "region": 1, "phonenumber": "0707070707", "city": "Nairobi", "reference_code": "kf4XsLL03", "created_at": "2019-08-30T06:58:09.415Z", "updated_at": "2019-08-30T06:58:09.415Z", "status": "UNVERIFIED"}}, {"model": "shoppy.checkout", "pk": 40, "fields": {"buyer": 12, "region": 1, "phonenumber": "0707070707", "city": "Nairobi", "reference_code": "XhdfCszHZ", "created_at": "2019-08-30T06:59:41.254Z", "updated_at": "2019-08-30T06:59:41.255Z", "status": "UNVERIFIED"}}, {"model": "shoppy.checkout", "pk": 41, "fields": {"buyer": 12, "region": 1, "phonenumber": "0707070707", "city": "Nairobi", "reference_code": "ypQDA7dl6", "created_at": "2019-08-30T07:10:35.356Z", "updated_at": "2019-08-30T07:10:35.356Z", "status": "UNVERIFIED"}}, {"model": "shoppy.checkout", "pk": 42, "fields": {"buyer": 12, "region": 1, "phonenumber": "0707070707", "city": "Nairobi", "reference_code": "xpJRtxzeH", "created_at": "2019-08-30T07:11:27.326Z", "updated_at": "2019-08-30T07:11:27.326Z", "status": "UNVERIFIED"}}, {"model": "shoppy.checkout", "pk": 43, "fields": {"buyer": 12, "region": 1, "phonenumber": "0707070707", "city": "Nairobi", "reference_code": "RkU5HDugI", "created_at": "2019-08-30T07:13:33.031Z", "updated_at": "2019-08-30T07:13:33.031Z", "status": "UNVERIFIED"}}, {"model": "shoppy.checkout", "pk": 44, "fields": {"buyer": 12, "region": 1, "phonenumber": "0707070707", "city": "Nairobi", "reference_code": "3JnpNG9jb", "created_at": "2019-08-30T08:41:47.732Z", "updated_at": "2019-08-30T08:41:47.732Z", "status": "UNVERIFIED"}}, {"model": "shoppy.checkout", "pk": 45, "fields": {"buyer": 12, "region": 1, "phonenumber": "0707070707", "city": "Nairobi", "reference_code": "hPcGb22Z4", "created_at": "2019-08-30T08:42:03.511Z", "updated_at": "2019-08-30T08:42:03.511Z", "status": "UNVERIFIED"}}, {"model": "shoppy.checkout", "pk": 46, "fields": {"buyer": 12, "region": 1, "phonenumber": "0707070707", "city": "Nairobi", "reference_code": "AYmpAfzh2", "created_at": "2019-08-30T08:42:49.948Z", "updated_at": "2019-08-30T08:42:49.948Z", "status": "UNVERIFIED"}}, {"model": "shoppy.checkout", "pk": 47, "fields": {"buyer": 12, "region": 1, "phonenumber": "0707070707", "city": "Nairobi", "reference_code": "Bnhn7TDjK", "created_at": "2019-08-30T09:58:03.687Z", "updated_at": "2019-08-30T09:58:03.687Z", "status": "UNVERIFIED"}}, {"model": "shoppy.checkout", "pk": 48, "fields": {"buyer": 12, "region": 1, "phonenumber": "0707070707", "city": "Nairobi", "reference_code": "3MJlpIqEY", "created_at": "2019-08-30T09:58:04.223Z", "updated_at": "2019-08-30T09:58:04.223Z", "status": "UNVERIFIED"}}, {"model": "shoppy.checkout", "pk": 49, "fields": {"buyer": 12, "region": 1, "phonenumber": "0707070707", "city": "Nairobi", "reference_code": "47lYp3GgL", "created_at": "2019-08-30T09:58:04.556Z", "updated_at": "2019-08-30T09:58:04.556Z", "status": "UNVERIFIED"}}, {"model": "shoppy.checkout", "pk": 50, "fields": {"buyer": 12, "region": 1, "phonenumber": "0707070707", "city": "Nairobi", "reference_code": "JqdLwozIC", "created_at": "2019-08-30T09:59:37.668Z", "updated_at": "2019-08-30T09:59:37.668Z", "status": "UNVERIFIED"}}, {"model": "shoppy.checkout", "pk": 51, "fields": {"buyer": 12, "region": 1, "phonenumber": "0707070707", "city": "Nairobi", "reference_code": "NtZH01pGN", "created_at": "2019-09-02T09:53:53.455Z", "updated_at": "2019-09-02T09:53:53.455Z", "status": "UNVERIFIED"}}, {"model": "shoppy.checkout", "pk": 52, "fields": {"buyer": 12, "region": 1, "phonenumber": "0707070707", "city": "Nairobi", "reference_code": "YGHdYeFKg", "created_at": "2019-09-02T12:05:18.594Z", "updated_at": "2019-09-02T12:05:18.594Z", "status": "UNVERIFIED"}}, {"model": "shoppy.checkout", "pk": 53, "fields": {"buyer": 12, "region": 1, "phonenumber": "0707070707", "city": "Nairobi", "reference_code": "EkBO79OQY", "created_at": "2019-09-02T12:05:26.850Z", "updated_at": "2019-09-02T12:05:26.850Z", "status": "UNVERIFIED"}}, {"model": "shoppy.checkout", "pk": 54, "fields": {"buyer": 12, "region": 1, "phonenumber": "0707070707", "city": "Nairobi", "reference_code": "znH50jTEl", "created_at": "2019-09-02T12:07:35.644Z", "updated_at": "2019-09-02T12:07:35.644Z", "status": "UNVERIFIED"}}, {"model": "shoppy.checkout", "pk": 55, "fields": {"buyer": 12, "region": 1, "phonenumber": "0707070707", "city": "Nairobi", "reference_code": "zqVP5b9q0", "created_at": "2019-09-02T12:08:01.721Z", "updated_at": "2019-09-02T12:08:01.721Z", "status": "UNVERIFIED"}}, {"model": "shoppy.checkout", "pk": 56, "fields": {"buyer": 12, "region": 1, "phonenumber": "0707070707", "city": "Nairobi", "reference_code": "hQAEmttAw", "created_at": "2019-09-02T12:27:17.758Z", "updated_at": "2019-09-02T12:27:17.758Z", "status": "UNVERIFIED"}}, {"model": "shoppy.checkout", "pk": 57, "fields": {"buyer": 12, "region": 1, "phonenumber": "0707070707", "city": "Nairobi", "reference_code": "L6f3E2PC6", "created_at": "2019-09-03T11:20:01.351Z", "updated_at": "2019-09-03T11:20:01.351Z", "status": "UNVERIFIED"}}, {"model": "shoppy.checkout", "pk": 58, "fields": {"buyer": 12, "region": 1, "phonenumber": "0707070707", "city": "Nairobi", "reference_code": "f5SObEli8", "created_at": "2019-09-03T12:58:15.838Z", "updated_at": "2019-09-03T12:58:15.838Z", "status": "UNVERIFIED"}}, {"model": "shoppy.checkout", "pk": 59, "fields": {"buyer": 13, "region": 1, "phonenumber": "0707070707", "city": "Nairobi", "reference_code": "Ydsc4cMWa", "created_at": "2019-09-04T13:05:15.437Z", "updated_at": "2019-09-04T13:05:15.437Z", "status": "UNVERIFIED"}}, {"model": "shoppy.checkout", "pk": 60, "fields": {"buyer": 13, "region": 1, "phonenumber": "0707070707", "city": "Nairobi", "reference_code": "bvdARKPwe", "created_at": "2019-09-04T13:05:20.122Z", "updated_at": "2019-09-04T13:05:20.122Z", "status": "UNVERIFIED"}}, {"model": "shoppy.checkout", "pk": 61, "fields": {"buyer": 13, "region": 1, "phonenumber": "0707070707", "city": "Nairobi", "reference_code": "pf0SW8M2C", "created_at": "2019-09-04T13:08:31.326Z", "updated_at": "2019-09-04T13:08:31.326Z", "status": "UNVERIFIED"}}, {"model": "shoppy.checkout", "pk": 62, "fields": {"buyer": 12, "region": 1, "phonenumber": "0707070707", "city": "Nairobi", "reference_code": "iTll99yuX", "created_at": "2019-09-04T13:20:52.336Z", "updated_at": "2019-09-04T13:20:52.336Z", "status": "UNVERIFIED"}}, {"model": "shoppy.checkout", "pk": 63, "fields": {"buyer": 12, "region": 1, "phonenumber": "0707070707", "city": "Nairobi", "reference_code": "3fs2RzW1s", "created_at": "2019-09-04T13:21:03.193Z", "updated_at": "2019-09-04T13:21:03.193Z", "status": "UNVERIFIED"}}, {"model": "shoppy.checkout", "pk": 64, "fields": {"buyer": 12, "region": 1, "phonenumber": "0707070707", "city": "Nairobi", "reference_code": "IrvE5z04x", "created_at": "2019-09-09T06:56:53.333Z", "updated_at": "2019-09-09T06:56:53.333Z", "status": "UNVERIFIED"}}, {"model": "shoppy.checkout", "pk": 65, "fields": {"buyer": 12, "region": 1, "phonenumber": "0707070707", "city": "Nairobi", "reference_code": "UaYhX1zb8", "created_at": "2019-09-09T06:58:35.443Z", "updated_at": "2019-09-09T06:58:35.443Z", "status": "UNVERIFIED"}}, {"model": "shoppy.checkout", "pk": 66, "fields": {"buyer": 12, "region": 1, "phonenumber": "0707070707", "city": "Nairobi", "reference_code": "LgurYjFTO", "created_at": "2019-09-09T07:00:56.046Z", "updated_at": "2019-09-09T07:00:56.046Z", "status": "UNVERIFIED"}}, {"model": "shoppy.checkout", "pk": 67, "fields": {"buyer": 12, "region": 1, "phonenumber": "0707070707", "city": "Nairobi", "reference_code": "fOOVtAuez", "created_at": "2019-09-09T07:05:23.072Z", "updated_at": "2019-09-09T07:05:23.072Z", "status": "UNVERIFIED"}}, {"model": "shoppy.order_product", "pk": 2, "fields": {"product": 46, "buyer": 2, "checkout": 24, "quantity": 9, "total": 18081.0, "created_at": "2019-08-09T14:50:14.462Z", "updated_at": "2019-08-09T14:50:14.462Z"}}, {"model": "shoppy.order_product", "pk": 3, "fields": {"product": 47, "buyer": 2, "checkout": 24, "quantity": 9, "total": 18081.0, "created_at": "2019-08-09T14:51:59.595Z", "updated_at": "2019-08-09T14:51:59.595Z"}}, {"model": "shoppy.order_product", "pk": 4, "fields": {"product": 47, "buyer": 2, "checkout": 24, "quantity": 9, "total": 18081.0, "created_at": "2019-08-14T08:54:29.597Z", "updated_at": "2019-08-14T08:54:29.597Z"}}, {"model": "shoppy.order_product", "pk": 5, "fields": {"product": 5, "buyer": 2, "checkout": null, "quantity": 9, "total": 18081.0, "created_at": "2019-08-16T11:12:34.541Z", "updated_at": "2019-08-16T11:12:34.541Z"}}, {"model": "shoppy.order_product", "pk": 6, "fields": {"product": 5, "buyer": 2, "checkout": null, "quantity": 9, "total": 18081.0, "created_at": "2019-08-16T11:12:34.791Z", "updated_at": "2019-08-16T11:12:34.791Z"}}, {"model": "shoppy.order_product", "pk": 10, "fields": {"product": 50, "buyer": 2, "checkout": null, "quantity": 9, "total": 18081.0, "created_at": "2019-08-16T11:15:04.931Z", "updated_at": "2019-08-16T11:15:04.931Z"}}, {"model": "shoppy.order_product", "pk": 12, "fields": {"product": 48, "buyer": 2, "checkout": null, "quantity": 9, "total": 18081.0, "created_at": "2019-08-16T11:18:10.350Z", "updated_at": "2019-08-16T11:18:10.350Z"}}, {"model": "shoppy.order_product", "pk": 15, "fields": {"product": 2, "buyer": 9, "checkout": 25, "quantity": 9, "total": 18081.0, "created_at": "2019-08-22T10:49:54.129Z", "updated_at": "2019-08-22T10:49:54.129Z"}}, {"model": "shoppy.order_product", "pk": 16, "fields": {"product": 3, "buyer": 9, "checkout": 25, "quantity": 5, "total": 1000.0, "created_at": "2019-08-23T06:49:26.661Z", "updated_at": "2019-08-23T07:56:42.108Z"}}, {"model": "shoppy.order_product", "pk": 17, "fields": {"product": 46, "buyer": 9, "checkout": 25, "quantity": 2, "total": 13000.0, "created_at": "2019-08-23T07:58:35.619Z", "updated_at": "2019-08-23T07:58:35.620Z"}}, {"model": "shoppy.order_product", "pk": 43, "fields": {"product": 2, "buyer": 9, "checkout": null, "quantity": 1, "total": 2122.0, "created_at": "2019-08-28T15:06:21.358Z", "updated_at": "2019-08-28T15:06:21.358Z"}}, {"model": "shoppy.order_product", "pk": 44, "fields": {"product": 1, "buyer": 10, "checkout": null, "quantity": 1, "total": 2222.0, "created_at": "2019-08-28T15:19:21.243Z", "updated_at": "2019-08-28T15:19:21.243Z"}}, {"model": "shoppy.order_product", "pk": 45, "fields": {"product": 1, "buyer": 10, "checkout": null, "quantity": 1, "total": 2222.0, "created_at": "2019-08-28T15:19:24.246Z", "updated_at": "2019-08-28T15:19:24.246Z"}}, {"model": "shoppy.order_product", "pk": 56, "fields": {"product": 68, "buyer": 12, "checkout": 26, "quantity": 1, "total": 30000.0, "created_at": "2019-08-29T09:10:31.916Z", "updated_at": "2019-08-29T09:10:31.916Z"}}, {"model": "shoppy.order_product", "pk": 57, "fields": {"product": 69, "buyer": 12, "checkout": 26, "quantity": 1, "total": 32000.0, "created_at": "2019-08-29T09:17:00.193Z", "updated_at": "2019-08-29T09:17:00.193Z"}}, {"model": "shoppy.order_product", "pk": 58, "fields": {"product": 68, "buyer": 12, "checkout": 31, "quantity": 1, "total": 30000.0, "created_at": "2019-08-29T10:48:51.303Z", "updated_at": "2019-08-29T10:48:51.303Z"}}, {"model": "shoppy.order_product", "pk": 59, "fields": {"product": 69, "buyer": 12, "checkout": 31, "quantity": 1, "total": 32000.0, "created_at": "2019-08-29T10:48:52.723Z", "updated_at": "2019-08-29T10:48:52.724Z"}}, {"model": "shoppy.order_product", "pk": 63, "fields": {"product": 68, "buyer": 12, "checkout": 32, "quantity": 1, "total": 30000.0, "created_at": "2019-08-29T12:39:55.376Z", "updated_at": "2019-08-29T12:39:55.376Z"}}, {"model": "shoppy.order_product", "pk": 64, "fields": {"product": 69, "buyer": 12, "checkout": 32, "quantity": 1, "total": 32000.0, "created_at": "2019-08-29T12:40:00.392Z", "updated_at": "2019-08-29T12:40:00.392Z"}}, {"model": "shoppy.order_product", "pk": 65, "fields": {"product": 68, "buyer": 12, "checkout": 33, "quantity": 1, "total": 30000.0, "created_at": "2019-08-29T21:00:28.233Z", "updated_at": "2019-08-29T21:00:28.233Z"}}, {"model": "shoppy.order_product", "pk": 66, "fields": {"product": 69, "buyer": 12, "checkout": 33, "quantity": 1, "total": 32000.0, "created_at": "2019-08-29T21:00:32.187Z", "updated_at": "2019-08-29T21:00:32.188Z"}}, {"model": "shoppy.order_product", "pk": 68, "fields": {"product": 69, "buyer": 12, "checkout": 34, "quantity": 1, "total": 32000.0, "created_at": "2019-08-30T06:36:05.052Z", "updated_at": "2019-08-30T06:36:05.052Z"}}, {"model": "shoppy.order_product", "pk": 69, "fields": {"product": 68, "buyer": 12, "checkout": 36, "quantity": 1, "total": 30000.0, "created_at": "2019-08-30T06:37:54.144Z", "updated_at": "2019-08-30T06:37:54.144Z"}}, {"model": "shoppy.order_product", "pk": 70, "fields": {"product": 69, "buyer": 12, "checkout": 36, "quantity": 1, "total": 32000.0, "created_at": "2019-08-30T06:37:56.284Z", "updated_at": "2019-08-30T06:37:56.284Z"}}, {"model": "shoppy.order_product", "pk": 71, "fields": {"product": 68, "buyer": 12, "checkout": 37, "quantity": 1, "total": 30000.0, "created_at": "2019-08-30T06:43:39.629Z", "updated_at": "2019-08-30T06:43:39.630Z"}}, {"model": "shoppy.order_product", "pk": 72, "fields": {"product": 69, "buyer": 12, "checkout": 37, "quantity": 1, "total": 32000.0, "created_at": "2019-08-30T06:43:41.291Z", "updated_at": "2019-08-30T06:43:41.291Z"}}, {"model": "shoppy.order_product", "pk": 73, "fields": {"product": 68, "buyer": 12, "checkout": 38, "quantity": 1, "total": 30000.0, "created_at": "2019-08-30T06:47:11.115Z", "updated_at": "2019-08-30T06:47:11.115Z"}}, {"model": "shoppy.order_product", "pk": 74, "fields": {"product": 69, "buyer": 12, "checkout": 38, "quantity": 1, "total": 32000.0, "created_at": "2019-08-30T06:47:12.930Z", "updated_at": "2019-08-30T06:47:12.930Z"}}, {"model": "shoppy.order_product", "pk": 75, "fields": {"product": 68, "buyer": 12, "checkout": 39, "quantity": 1, "total": 30000.0, "created_at": "2019-08-30T06:58:01.260Z", "updated_at": "2019-08-30T06:58:01.260Z"}}, {"model": "shoppy.order_product", "pk": 76, "fields": {"product": 69, "buyer": 12, "checkout": 39, "quantity": 1, "total": 32000.0, "created_at": "2019-08-30T06:58:03.094Z", "updated_at": "2019-08-30T06:58:03.094Z"}}, {"model": "shoppy.order_product", "pk": 77, "fields": {"product": 68, "buyer": 12, "checkout": 40, "quantity": 1, "total": 30000.0, "created_at": "2019-08-30T06:59:08.119Z", "updated_at": "2019-08-30T06:59:08.119Z"}}, {"model": "shoppy.order_product", "pk": 78, "fields": {"product": 69, "buyer": 12, "checkout": 40, "quantity": 1, "total": 32000.0, "created_at": "2019-08-30T06:59:09.479Z", "updated_at": "2019-08-30T06:59:09.479Z"}}, {"model": "shoppy.order_product", "pk": 79, "fields": {"product": 57, "buyer": 12, "checkout": 40, "quantity": 1, "total": 7000.0, "created_at": "2019-08-30T06:59:13.082Z", "updated_at": "2019-08-30T06:59:13.082Z"}}, {"model": "shoppy.order_product", "pk": 80, "fields": {"product": 58, "buyer": 12, "checkout": 40, "quantity": 1, "total": 50000.0, "created_at": "2019-08-30T06:59:14.434Z", "updated_at": "2019-08-30T06:59:14.435Z"}}, {"model": "shoppy.order_product", "pk": 81, "fields": {"product": 59, "buyer": 12, "checkout": 40, "quantity": 1, "total": 70000.0, "created_at": "2019-08-30T06:59:17.129Z", "updated_at": "2019-08-30T06:59:17.129Z"}}, {"model": "shoppy.order_product", "pk": 82, "fields": {"product": 60, "buyer": 12, "checkout": 40, "quantity": 1, "total": 4000.0, "created_at": "2019-08-30T06:59:19.251Z", "updated_at": "2019-08-30T06:59:19.251Z"}}, {"model": "shoppy.order_product", "pk": 83, "fields": {"product": 61, "buyer": 12, "checkout": 40, "quantity": 1, "total": 20000.0, "created_at": "2019-08-30T06:59:20.578Z", "updated_at": "2019-08-30T06:59:20.578Z"}}, {"model": "shoppy.order_product", "pk": 84, "fields": {"product": 62, "buyer": 12, "checkout": 40, "quantity": 1, "total": 20000.0, "created_at": "2019-08-30T06:59:22.198Z", "updated_at": "2019-08-30T06:59:22.198Z"}}, {"model": "shoppy.order_product", "pk": 85, "fields": {"product": 68, "buyer": 12, "checkout": 41, "quantity": 1, "total": 30000.0, "created_at": "2019-08-30T07:10:16.555Z", "updated_at": "2019-08-30T07:10:16.555Z"}}, {"model": "shoppy.order_product", "pk": 86, "fields": {"product": 69, "buyer": 12, "checkout": 41, "quantity": 1, "total": 32000.0, "created_at": "2019-08-30T07:10:17.780Z", "updated_at": "2019-08-30T07:10:17.780Z"}}, {"model": "shoppy.order_product", "pk": 87, "fields": {"product": 57, "buyer": 12, "checkout": 41, "quantity": 1, "total": 7000.0, "created_at": "2019-08-30T07:10:20.626Z", "updated_at": "2019-08-30T07:10:20.626Z"}}, {"model": "shoppy.order_product", "pk": 88, "fields": {"product": 59, "buyer": 12, "checkout": 41, "quantity": 1, "total": 70000.0, "created_at": "2019-08-30T07:10:22.669Z", "updated_at": "2019-08-30T07:10:22.670Z"}}, {"model": "shoppy.order_product", "pk": 89, "fields": {"product": 63, "buyer": 12, "checkout": 41, "quantity": 1, "total": 50000.0, "created_at": "2019-08-30T07:10:24.649Z", "updated_at": "2019-08-30T07:10:24.650Z"}}, {"model": "shoppy.order_product", "pk": 90, "fields": {"product": 68, "buyer": 12, "checkout": 42, "quantity": 1, "total": 30000.0, "created_at": "2019-08-30T07:11:21.261Z", "updated_at": "2019-08-30T07:11:21.261Z"}}, {"model": "shoppy.order_product", "pk": 91, "fields": {"product": 68, "buyer": 12, "checkout": 42, "quantity": 1, "total": 30000.0, "created_at": "2019-08-30T07:11:22.383Z", "updated_at": "2019-08-30T07:11:22.383Z"}}, {"model": "shoppy.order_product", "pk": 93, "fields": {"product": 59, "buyer": 12, "checkout": 44, "quantity": 1, "total": 70000.0, "created_at": "2019-08-30T07:39:35.225Z", "updated_at": "2019-08-30T07:39:35.225Z"}}, {"model": "shoppy.order_product", "pk": 94, "fields": {"product": 68, "buyer": 12, "checkout": 44, "quantity": 10, "total": 300000.0, "created_at": "2019-08-30T08:00:52.653Z", "updated_at": "2019-08-30T08:00:52.653Z"}}, {"model": "shoppy.order_product", "pk": 95, "fields": {"product": 57, "buyer": 12, "checkout": 44, "quantity": 7, "total": 49000.0, "created_at": "2019-08-30T08:01:21.863Z", "updated_at": "2019-08-30T08:01:21.863Z"}}, {"model": "shoppy.order_product", "pk": 97, "fields": {"product": 68, "buyer": 12, "checkout": 44, "quantity": 6, "total": 180000.0, "created_at": "2019-08-30T08:36:19.240Z", "updated_at": "2019-08-30T08:36:19.240Z"}}, {"model": "shoppy.order_product", "pk": 98, "fields": {"product": 68, "buyer": 12, "checkout": 46, "quantity": 2, "total": 60000.0, "created_at": "2019-08-30T08:42:25.696Z", "updated_at": "2019-08-30T08:42:25.696Z"}}, {"model": "shoppy.order_product", "pk": 105, "fields": {"product": 68, "buyer": 12, "checkout": 47, "quantity": 1, "total": 30000.0, "created_at": "2019-08-30T09:39:36.687Z", "updated_at": "2019-08-30T09:39:36.687Z"}}, {"model": "shoppy.order_product", "pk": 106, "fields": {"product": 69, "buyer": 12, "checkout": 47, "quantity": 1, "total": 32000.0, "created_at": "2019-08-30T09:39:41.914Z", "updated_at": "2019-08-30T09:39:41.914Z"}}, {"model": "shoppy.order_product", "pk": 108, "fields": {"product": 64, "buyer": 12, "checkout": 47, "quantity": 1, "total": 70000.0, "created_at": "2019-08-30T09:39:48.958Z", "updated_at": "2019-08-30T09:39:48.958Z"}}, {"model": "shoppy.order_product", "pk": 109, "fields": {"product": 59, "buyer": 12, "checkout": 47, "quantity": 1, "total": 70000.0, "created_at": "2019-08-30T09:39:54.468Z", "updated_at": "2019-08-30T09:39:54.468Z"}}, {"model": "shoppy.order_product", "pk": 110, "fields": {"product": 60, "buyer": 12, "checkout": 47, "quantity": 1, "total": 4000.0, "created_at": "2019-08-30T09:39:57.150Z", "updated_at": "2019-08-30T09:39:57.150Z"}}, {"model": "shoppy.order_product", "pk": 114, "fields": {"product": 62, "buyer": 12, "checkout": 51, "quantity": 1, "total": 20000.0, "created_at": "2019-08-30T10:01:43.947Z", "updated_at": "2019-08-30T10:01:43.947Z"}}, {"model": "shoppy.order_product", "pk": 115, "fields": {"product": 63, "buyer": 12, "checkout": 51, "quantity": 1, "total": 50000.0, "created_at": "2019-08-30T10:01:48.148Z", "updated_at": "2019-08-30T10:01:48.148Z"}}, {"model": "shoppy.order_product", "pk": 116, "fields": {"product": 68, "buyer": 12, "checkout": 51, "quantity": 1, "total": 30000.0, "created_at": "2019-08-30T10:19:53.577Z", "updated_at": "2019-08-30T10:19:53.577Z"}}, {"model": "shoppy.order_product", "pk": 117, "fields": {"product": 68, "buyer": 12, "checkout": 52, "quantity": 20, "total": 600000.0, "created_at": "2019-09-02T11:54:28.617Z", "updated_at": "2019-09-02T11:54:28.642Z"}}, {"model": "shoppy.order_product", "pk": 118, "fields": {"product": 59, "buyer": 12, "checkout": 52, "quantity": 20, "total": 1400000.0, "created_at": "2019-09-02T11:54:45.845Z", "updated_at": "2019-09-02T11:54:45.845Z"}}, {"model": "shoppy.order_product", "pk": 120, "fields": {"product": 62, "buyer": 12, "checkout": 54, "quantity": 1, "total": 20000.0, "created_at": "2019-09-02T12:06:44.804Z", "updated_at": "2019-09-02T12:06:44.804Z"}}, {"model": "shoppy.order_product", "pk": 121, "fields": {"product": 64, "buyer": 12, "checkout": 54, "quantity": 1, "total": 70000.0, "created_at": "2019-09-02T12:07:13.228Z", "updated_at": "2019-09-02T12:07:13.228Z"}}, {"model": "shoppy.order_product", "pk": 122, "fields": {"product": 59, "buyer": 12, "checkout": 54, "quantity": 1, "total": 70000.0, "created_at": "2019-09-02T12:07:31.297Z", "updated_at": "2019-09-02T12:07:31.297Z"}}, {"model": "shoppy.order_product", "pk": 123, "fields": {"product": 68, "buyer": 12, "checkout": 55, "quantity": 1, "total": 30000.0, "created_at": "2019-09-02T12:07:58.087Z", "updated_at": "2019-09-02T12:07:58.087Z"}}, {"model": "shoppy.order_product", "pk": 124, "fields": {"product": 64, "buyer": 12, "checkout": 56, "quantity": 1, "total": 70000.0, "created_at": "2019-09-02T12:15:20.694Z", "updated_at": "2019-09-02T12:15:20.694Z"}}, {"model": "shoppy.order_product", "pk": 125, "fields": {"product": 63, "buyer": 12, "checkout": 56, "quantity": 1, "total": 50000.0, "created_at": "2019-09-02T12:24:49.121Z", "updated_at": "2019-09-02T12:24:49.121Z"}}, {"model": "shoppy.order_product", "pk": 126, "fields": {"product": 68, "buyer": 12, "checkout": 56, "quantity": 4, "total": 120000.0, "created_at": "2019-09-02T12:27:11.907Z", "updated_at": "2019-09-02T12:27:11.907Z"}}, {"model": "shoppy.order_product", "pk": 153, "fields": {"product": 68, "buyer": 12, "checkout": 58, "quantity": 2, "total": 60000.0, "created_at": "2019-09-03T12:20:11.340Z", "updated_at": "2019-09-03T12:20:11.342Z"}}, {"model": "shoppy.order_product", "pk": 155, "fields": {"product": 57, "buyer": 12, "checkout": 58, "quantity": 1, "total": 7000.0, "created_at": "2019-09-03T12:57:41.327Z", "updated_at": "2019-09-03T12:57:41.327Z"}}, {"model": "shoppy.order_product", "pk": 157, "fields": {"product": 68, "buyer": 15, "checkout": null, "quantity": 5, "total": 150000.0, "created_at": "2019-09-03T15:27:21.741Z", "updated_at": "2019-09-03T15:29:51.095Z"}}, {"model": "shoppy.order_product", "pk": 161, "fields": {"product": 69, "buyer": 13, "checkout": 61, "quantity": 3, "total": 96000.0, "created_at": "2019-09-04T13:08:04.632Z", "updated_at": "2019-09-04T13:08:04.632Z"}}, {"model": "shoppy.order_product", "pk": 165, "fields": {"product": 69, "buyer": 12, "checkout": 64, "quantity": 1, "total": 32000.0, "created_at": "2019-09-04T13:34:56.865Z", "updated_at": "2019-09-04T13:34:56.865Z"}}, {"model": "shoppy.order_product", "pk": 166, "fields": {"product": 69, "buyer": 12, "checkout": 65, "quantity": 2, "total": 64000.0, "created_at": "2019-09-09T06:57:54.913Z", "updated_at": "2019-09-09T06:57:54.914Z"}}, {"model": "shoppy.order_product", "pk": 168, "fields": {"product": 68, "buyer": 12, "checkout": 66, "quantity": 20, "total": 600000.0, "created_at": "2019-09-09T07:00:38.574Z", "updated_at": "2019-09-09T07:00:49.134Z"}}, {"model": "androidAuthApi.androidproducts", "pk": 57, "fields": {"category": 11}}, {"model": "androidAuthApi.androidproducts", "pk": 58, "fields": {"category": 11}}, {"model": "androidAuthApi.androidproducts", "pk": 59, "fields": {"category": 13}}, {"model": "androidAuthApi.androidproducts", "pk": 60, "fields": {"category": 13}}, {"model": "androidAuthApi.androidproducts", "pk": 61, "fields": {"category": 13}}, {"model": "androidAuthApi.androidproducts", "pk": 62, "fields": {"category": 13}}, {"model": "androidAuthApi.androidproducts", "pk": 63, "fields": {"category": 14}}, {"model": "androidAuthApi.androidproducts", "pk": 64, "fields": {"category": 14}}, {"model": "androidAuthApi.androidproducts", "pk": 68, "fields": {"category": 1}}, {"model": "androidAuthApi.androidproducts", "pk": 69, "fields": {"category": 1}}]